{"Accuracy": 0.6782608695652174, "_timestamp": 1699814112.825257, "_runtime": 1.9009711742401123, "_step": 0, "_wandb": {"runtime": 0}}