{"Accuracy": 0.7652173913043478, "_timestamp": 1699814378.7366817, "_runtime": 1.9441096782684326, "_step": 0, "_wandb": {"runtime": 0}}