{"loss (MSE) ": 60655.54, "_timestamp": 1698069920.4197881, "_runtime": 7.449589014053345, "_step": 499, "_wandb": {"runtime": 5}}