{"accuracy": 57.34265734265735, "_timestamp": 1699704822.0719957, "_runtime": 3.2642946243286133, "_step": 0, "_wandb": {"runtime": 0}}