{"accuracy": 54.54545454545454, "_timestamp": 1699704082.1778498, "_runtime": 19.30146288871765, "_step": 0, "_wandb": {"runtime": 17}}