{"MSE": 8.69317138009399, "RMSE": 2.9484184540349747, "R-squared": 0.8952047151395672, "_timestamp": 1699768583.8573365, "_runtime": 1.7334485054016113, "_step": 0, "_wandb": {"runtime": 0}}