{"Accuracy": 0.7652173913043478, "_timestamp": 1699814906.6285913, "_runtime": 2.8287134170532227, "_step": 0, "_wandb": {"runtime": 0}}