{"MSE": 10.10320362789278, "RMSE": 3.1785537006463773, "R-squared": 0.8782069217440719, "_timestamp": 1699768035.176947, "_runtime": 1.8524610996246338, "_step": 0, "_wandb": {"runtime": 0}}