{"MSE": 5.011863176007801, "RMSE": 2.2387190926973846, "R-squared": 0.9395825060559692, "_timestamp": 1699768333.4334576, "_runtime": 1.8515326976776123, "_step": 0, "_wandb": {"runtime": 0}}