{"Accuracy": 0.7130434782608696, "_timestamp": 1699815201.5403366, "_runtime": 2.368696689605713, "_step": 0, "_wandb": {"runtime": 0}}