{"MSE": 18.69974886804906, "RMSE": 4.3243206250287525, "R-squared": 0.7745764550399823, "_timestamp": 1699768242.126893, "_runtime": 1.7523329257965088, "_step": 0, "_wandb": {"runtime": 0}}