{"Accuracy": 0.7391304347826086, "_timestamp": 1699815048.2367225, "_runtime": 1.8466205596923828, "_step": 0, "_wandb": {"runtime": 0}}