{"acc": 0.431, "loss": 0.262, "_timestamp": 1698067024.0642304, "_runtime": 6.473605394363403, "_step": 99, "_wandb": {"runtime": 5}}