{"Accuracy": 0.7739130434782608, "_timestamp": 1699814912.6095183, "_runtime": 1.8720333576202393, "_step": 0, "_wandb": {"runtime": 0}}