{"MSE": 9.81738649384862, "RMSE": 3.133270893786335, "R-squared": 0.8816524178318099, "_timestamp": 1699768775.9821122, "_runtime": 1.8740551471710205, "_step": 0, "_wandb": {"runtime": 0}}