{"MSE": 22.235589263152008, "RMSE": 4.7154627835613345, "R-squared": 0.7319522635654743, "_timestamp": 1699767732.389567, "_runtime": 1.727334976196289, "_step": 0, "_wandb": {"runtime": 0}}