{"Accuracy": 0.7478260869565218, "_timestamp": 1699815628.0032423, "_runtime": 1.8670332431793213, "_step": 0, "_wandb": {"runtime": 0}}