{"accuracy": 0.4026258205689278, "loss": 12.757492706321086, "_timestamp": 1698071679.0247254, "_runtime": 8.160459518432617, "_step": 199, "_wandb": {"runtime": 6}}