{"MSE": 19.551228944551106, "RMSE": 4.42167716421621, "R-squared": 0.7643119504916951, "_timestamp": 1699769564.5568423, "_runtime": 1.7257044315338135, "_step": 0, "_wandb": {"runtime": 0}}