{"accuracy": 49.65034965034965, "_timestamp": 1699703892.4276545, "_runtime": 2.4364736080169678, "_step": 0, "_wandb": {"runtime": 0}}