{"MSE": 23.567113610429782, "RMSE": 4.854597162528502, "R-squared": 0.7159008748178539, "_timestamp": 1699768413.1736305, "_runtime": 1.7649204730987549, "_step": 0, "_wandb": {"runtime": 0}}