{"MSE": 15.160372948365467, "RMSE": 3.893632359168681, "R-squared": 0.817243266898854, "_timestamp": 1699767770.4156547, "_runtime": 1.7220556735992432, "_step": 0, "_wandb": {"runtime": 0}}