{"MSE": 123.0012826789225, "RMSE": 11.09059433389043, "R-squared": -0.4827677832341244, "_timestamp": 1699756381.3062735, "_runtime": 10.21474838256836, "_step": 0, "_wandb": {"runtime": 8}}