{"acc": 0.326, "loss": 0.196, "_timestamp": 1698067783.413098, "_runtime": 6.602391004562378, "_step": 99, "_wandb": {"runtime": 4}}