{"acc": 0.509, "loss": 0.246, "_timestamp": 1698068053.9980447, "_runtime": 6.825701713562012, "_step": 99, "_wandb": {"runtime": 4}}