{"MSE": 13.827397572120372, "RMSE": 3.718520884991823, "R-squared": 0.8333121476510976, "_timestamp": 1699821186.1491568, "_runtime": 37.15457582473755, "_step": 0, "_wandb": {"runtime": 34}}