{"MSE": 20.5148637556189, "RMSE": 4.529333698858906, "R-squared": 0.7526954321795728, "_timestamp": 1699768905.5097606, "_runtime": 2.201340675354004, "_step": 0, "_wandb": {"runtime": 0}}