{"Accuracy": 0.7391304347826086, "_timestamp": 1699814701.5135908, "_runtime": 2.1708738803863525, "_step": 0, "_wandb": {"runtime": 0}}