{"MSE": 7.615678378491539, "RMSE": 2.759651858204498, "R-squared": 0.9081937822016306, "_timestamp": 1699769441.4467962, "_runtime": 2.7032382488250732, "_step": 0, "_wandb": {"runtime": 0}}