{"acc": 0.44, "loss": 0.18, "_timestamp": 1698067474.8143156, "_runtime": 6.932706594467163, "_step": 99, "_wandb": {"runtime": 4}}