{"MSE": 39.92591952847921, "RMSE": 6.31869603070754, "R-squared": 0.5186971558063936, "_timestamp": 1699767877.4825208, "_runtime": 1.7287309169769287, "_step": 0, "_wandb": {"runtime": 0}}