{"accuracy": 0.5470459518599562, "loss": 1.4932278957275031, "_timestamp": 1698069603.727266, "_runtime": 13.689536094665527, "_step": 749, "_wandb": {"runtime": 11}}