{"Accuracy": 0.782608695652174, "_timestamp": 1699815097.7851312, "_runtime": 1.7590413093566895, "_step": 0, "_wandb": {"runtime": 0}}