{"accuracy": 0.35120350109409193, "loss": 11.391344101515049, "_timestamp": 1698071373.0215666, "_runtime": 8.612822532653809, "_step": 249, "_wandb": {"runtime": 6}}