{"MSE": 10.341111758590701, "RMSE": 3.215759903753808, "R-squared": 0.8753389637530226, "_timestamp": 1699767637.333841, "_runtime": 1.710064172744751, "_step": 0, "_wandb": {"runtime": 0}}