{"Accuracy": 0.7565217391304347, "_timestamp": 1699815035.9391725, "_runtime": 1.767744541168213, "_step": 0, "_wandb": {"runtime": 0}}