{"MSE": 11.91250207285769, "RMSE": 3.4514492713724896, "R-squared": 0.8563960154996829, "_timestamp": 1699821120.6681325, "_runtime": 1.720686435699463, "_step": 0, "_wandb": {"runtime": 0}}