{"accuracy": 0.38293216630196936, "loss": 12.371195161926522, "_timestamp": 1698071442.0051842, "_runtime": 10.13861608505249, "_step": 449, "_wandb": {"runtime": 8}}