{"accuracy": 45.45454545454545, "_timestamp": 1699704040.6444378, "_runtime": 4.700275897979736, "_step": 0, "_wandb": {"runtime": 2}}