{"accuracy": 54.1958041958042, "_timestamp": 1699706079.7852905, "_runtime": 1.9590835571289062, "_step": 0}