{"acc": 0.348, "loss": 0.233, "_timestamp": 1698068068.5166042, "_runtime": 6.596642255783081, "_step": 99, "_wandb": {"runtime": 4}}