{"Accuracy": 0.6521739130434783, "_timestamp": 1699814631.2434623, "_runtime": 1.877061367034912, "_step": 0, "_wandb": {"runtime": 0}}