{"MSE": 44.171353230554985, "RMSE": 6.646153265653372, "R-squared": 0.46751889016402204, "_timestamp": 1699821393.7630534, "_runtime": 7.213508367538452, "_step": 0, "_wandb": {"runtime": 5}}