{"acc": 0.356, "loss": 0.217, "_timestamp": 1698067592.5095863, "_runtime": 6.808171272277832, "_step": 99, "_wandb": {"runtime": 4}}