{"accuracy": 0.4212253829321663, "loss": 2.8730548268094442, "_timestamp": 1698070343.803232, "_runtime": 14.348928928375244, "_step": 949, "_wandb": {"runtime": 12}}