{"MSE": 9.704255385462426, "RMSE": 3.1151653865344655, "R-squared": 0.8830162016814019, "_timestamp": 1699769193.5755932, "_runtime": 1.7639973163604736, "_step": 0, "_wandb": {"runtime": 0}}