{"Accuracy": 0.7304347826086957, "_timestamp": 1699814408.7392933, "_runtime": 1.7186362743377686, "_step": 0, "_wandb": {"runtime": 0}}