{"accuracy": 0.42669584245076586, "loss": 2.9828600022139047, "_timestamp": 1698070166.8876276, "_runtime": 11.492903709411621, "_step": 499, "_wandb": {"runtime": 9}}