{"Accuracy": 0.782608695652174, "_timestamp": 1699815648.3403602, "_runtime": 1.8216071128845215, "_step": 0, "_wandb": {"runtime": 0}}