{"MSE": 11.672312709535793, "RMSE": 3.4164766513962586, "R-squared": 0.8592914735148557, "_timestamp": 1699769206.0383513, "_runtime": 1.773409366607666, "_step": 0, "_wandb": {"runtime": 0}}