{"Accuracy": 0.7652173913043478, "_timestamp": 1699815634.5624826, "_runtime": 1.8548386096954346, "_step": 0, "_wandb": {"runtime": 0}}