{"Accuracy": 0.7043478260869566, "_timestamp": 1699814280.039521, "_runtime": 1.7709028720855713, "_step": 0, "_wandb": {"runtime": 0}}