{"MSE": 7.688955438123982, "RMSE": 2.7728965790530276, "R-squared": 0.9073104348014517, "_timestamp": 1699769483.9786205, "_runtime": 1.7182586193084717, "_step": 0, "_wandb": {"runtime": 0}}