{"MSE": 6.230133569529918, "RMSE": 2.496023551477413, "R-squared": 0.9248963820462063, "_timestamp": 1699769132.18958, "_runtime": 1.794010877609253, "_step": 0, "_wandb": {"runtime": 0}}