{"accuracy": 53.14685314685315, "_timestamp": 1699705186.1589987, "_runtime": 3.00258469581604, "_step": 0, "_wandb": {"runtime": 0}}