{"accuracy": 0.324945295404814, "loss": 9.32381583840893, "_timestamp": 1698070678.556053, "_runtime": 7.4458160400390625, "_step": 99, "_wandb": {"runtime": 5}}