{"MSE": 13.778333333333336, "RMSE": 3.711917743341484, "R-squared": 0.8339036119919389, "_timestamp": 1699821976.417261, "_runtime": 1.7868168354034424, "_step": 0, "_wandb": {"runtime": 0}}