{"MSE": 25.06349173795824, "RMSE": 5.006345147705884, "R-squared": 0.6978621907430933, "_timestamp": 1699820737.5948882, "_runtime": 18.009085178375244, "_step": 0, "_wandb": {"runtime": 16}}