{"accuracy": 0.43326039387308535, "loss": 12.96247852251226, "_timestamp": 1698072414.439975, "_runtime": 10.826201915740967, "_step": 449, "_wandb": {"runtime": 8}}