{"accuracy": 51.74825174825175, "_timestamp": 1699705217.7954106, "_runtime": 2.5941386222839355, "_step": 0, "_wandb": {"runtime": 0}}