{"MSE": 27.558525063843252, "RMSE": 5.2496214210020185, "R-squared": 0.6677848211974851, "_timestamp": 1699768023.2579162, "_runtime": 1.7607262134552002, "_step": 0, "_wandb": {"runtime": 0}}