{"Accuracy": 0.7130434782608696, "_timestamp": 1699815085.1268756, "_runtime": 1.803579568862915, "_step": 0, "_wandb": {"runtime": 0}}