{"accuracy": 53.84615384615385, "_timestamp": 1699704183.769662, "_runtime": 16.632078886032104, "_step": 0, "_wandb": {"runtime": 14}}