{"accuracy": 54.54545454545454, "_timestamp": 1699705346.8637729, "_runtime": 2.4631187915802, "_step": 0, "_wandb": {"runtime": 0}}