{"MSE": 21.232461945638274, "RMSE": 4.607869566908147, "R-squared": 0.7440448599717582, "_timestamp": 1699821867.7166471, "_runtime": 2.05551815032959, "_step": 0, "_wandb": {"runtime": 0}}