{"MSE": 11.888460909974206, "RMSE": 3.4479647489459935, "R-squared": 0.8566858292399848, "_timestamp": 1699821600.8184798, "_runtime": 1.746119737625122, "_step": 0, "_wandb": {"runtime": 0}}