{"accuracy": 0.4562363238512035, "loss": 3.2290520033870767, "_timestamp": 1698070096.5341535, "_runtime": 9.350026369094849, "_step": 299, "_wandb": {"runtime": 7}}