{"MSE": 16.95165435008198, "RMSE": 4.117238680242133, "R-squared": 0.7956495542535561, "_timestamp": 1699768419.0961003, "_runtime": 1.7190132141113281, "_step": 0, "_wandb": {"runtime": 0}}