{"acc": 0.417, "loss": 0.236, "_timestamp": 1698067578.057493, "_runtime": 6.943338871002197, "_step": 99, "_wandb": {"runtime": 4}}