{"Accuracy": 0.7739130434782608, "_timestamp": 1699815250.528402, "_runtime": 1.8630740642547607, "_step": 0, "_wandb": {"runtime": 0}}