{"MSE": 13.525512883919005, "RMSE": 3.6777048391515876, "R-squared": 0.8369513364478935, "_timestamp": 1699767908.8731234, "_runtime": 1.7513635158538818, "_step": 0, "_wandb": {"runtime": 0}}