{"MSE": 20.93958601878565, "RMSE": 4.575979241516033, "R-squared": 0.7475754490791537, "_timestamp": 1699768259.9028556, "_runtime": 1.7925126552581787, "_step": 0, "_wandb": {"runtime": 0}}