{"Accuracy": 0.782608695652174, "_timestamp": 1699815109.795886, "_runtime": 1.7563490867614746, "_step": 0, "_wandb": {"runtime": 0}}