{"MSE": 6.235665704567263, "RMSE": 2.497131495249552, "R-squared": 0.9248296927286055, "_timestamp": 1699769477.476047, "_runtime": 1.8032770156860352, "_step": 0, "_wandb": {"runtime": 0}}