{"Accuracy": 0.7391304347826086, "_timestamp": 1699814397.0345275, "_runtime": 1.785217523574829, "_step": 0, "_wandb": {"runtime": 0}}