{"MSE": 17.943636426988533, "RMSE": 4.235992968241158, "R-squared": 0.7836913125738962, "_timestamp": 1699767697.273804, "_runtime": 1.7110848426818848, "_step": 0, "_wandb": {"runtime": 0}}