{"accuracy": 52.7972027972028, "_timestamp": 1699704511.6792467, "_runtime": 2.431609630584717, "_step": 0, "_wandb": {"runtime": 0}}