{"MSE": 9.797372795412993, "RMSE": 3.1300755255126025, "R-squared": 0.88189368090336, "_timestamp": 1699768539.2220523, "_runtime": 1.7914252281188965, "_step": 0, "_wandb": {"runtime": 0}}