{"Accuracy": 0.7652173913043478, "_timestamp": 1699814822.0210757, "_runtime": 1.8101987838745117, "_step": 0, "_wandb": {"runtime": 0}}