{"Accuracy": 0.7652173913043478, "_timestamp": 1699814509.4530492, "_runtime": 1.8525640964508057, "_step": 0, "_wandb": {"runtime": 0}}