{"MSE": 10.501615834144413, "RMSE": 3.2406196682339035, "R-squared": 0.8734041036676196, "_timestamp": 1699767333.9796739, "_runtime": 1.7508387565612793, "_step": 0, "_wandb": {"runtime": 0}}