{"acc": 0.125, "loss": 0.244, "_timestamp": 1698067191.2560987, "_runtime": 6.7139387130737305, "_step": 99, "_wandb": {"runtime": 4}}