{"MSE": 13.654752864441113, "RMSE": 3.6952338037587165, "R-squared": 0.8353933618052696, "_timestamp": 1699769249.88924, "_runtime": 1.8074541091918945, "_step": 0, "_wandb": {"runtime": 0}}