{"accuracy": 0.3982494529540481, "loss": 11.350639155611635, "_timestamp": 1698072225.5481653, "_runtime": 13.403796434402466, "_step": 799, "_wandb": {"runtime": 11}}