{"MSE": 15.245198721612129, "RMSE": 3.904510048855314, "R-squared": 0.8162207009465428, "_timestamp": 1699767339.8793802, "_runtime": 1.7204413414001465, "_step": 0, "_wandb": {"runtime": 0}}