{"Accuracy": 0.7652173913043478, "_timestamp": 1699814637.7969093, "_runtime": 1.826723337173462, "_step": 0, "_wandb": {"runtime": 0}}