{"accuracy": 0.4759299781181619, "loss": 3.11149861867336, "_timestamp": 1698070241.9561958, "_runtime": 12.113999843597412, "_step": 699, "_wandb": {"runtime": 10}}