{"MSE": 20.05167268370678, "RMSE": 4.477909409948663, "R-squared": 0.7582791528038998, "_timestamp": 1699769306.8485467, "_runtime": 1.9442577362060547, "_step": 0, "_wandb": {"runtime": 0}}