{"acc": 0.367, "loss": 0.22, "_timestamp": 1698067429.680857, "_runtime": 6.841295957565308, "_step": 99, "_wandb": {"runtime": 4}}