{"MSE": 6.460649075313076, "RMSE": 2.541780689853685, "R-squared": 0.9221175413864433, "_timestamp": 1699768677.0776894, "_runtime": 1.812434434890747, "_step": 0, "_wandb": {"runtime": 0}}