{"accuracy": 53.14685314685315, "_timestamp": 1699704161.2501857, "_runtime": 8.564006805419922, "_step": 0, "_wandb": {"runtime": 6}}