{"Accuracy": 0.7565217391304347, "_timestamp": 1699814918.5076883, "_runtime": 1.8784143924713135, "_step": 0, "_wandb": {"runtime": 0}}