{"acc": 0.417, "loss": 0.232, "_timestamp": 1698067563.1745377, "_runtime": 6.937114715576172, "_step": 99, "_wandb": {"runtime": 4}}