{"Accuracy": 0.7304347826086957, "_timestamp": 1699814372.4873137, "_runtime": 1.8158607482910156, "_step": 0, "_wandb": {"runtime": 0}}