{"MSE": 7.5250982472417425, "RMSE": 2.7431912523996105, "R-squared": 0.9092857163464876, "_timestamp": 1699769521.714704, "_runtime": 1.7515959739685059, "_step": 0, "_wandb": {"runtime": 0}}