{"accuracy": 0.3949671772428884, "loss": 11.045125173465301, "_timestamp": 1698071390.4827735, "_runtime": 8.901267528533936, "_step": 299, "_wandb": {"runtime": 7}}