{"MSE": 7.258773918548538, "RMSE": 2.6942111867016916, "R-squared": 0.9124962286751156, "_timestamp": 1699768739.6806111, "_runtime": 1.8329901695251465, "_step": 0, "_wandb": {"runtime": 0}}