{"MSE": 9.149168785055362, "RMSE": 3.024759293738158, "R-squared": 0.8897077134287797, "_timestamp": 1699769237.7959492, "_runtime": 1.7659761905670166, "_step": 0, "_wandb": {"runtime": 0}}