{"Accuracy": 0.7652173913043478, "_timestamp": 1699815511.1613028, "_runtime": 1.7873969078063965, "_step": 0, "_wandb": {"runtime": 0}}