{"MSE": 7.528592590177481, "RMSE": 2.743828090492821, "R-squared": 0.909243592402608, "_timestamp": 1699768972.9960206, "_runtime": 1.7347095012664795, "_step": 0, "_wandb": {"runtime": 0}}