{"accuracy": 0.4310722100656455, "loss": 1.8127116412838675, "_timestamp": 1698069764.8528214, "_runtime": 9.32724142074585, "_step": 299, "_wandb": {"runtime": 7}}