{"MSE": 14.258513984278084, "RMSE": 3.7760447540088933, "R-squared": 0.8281150837437268, "_timestamp": 1699767903.0312219, "_runtime": 1.7771518230438232, "_step": 0, "_wandb": {"runtime": 0}}