{"accuracy": 58.04195804195804, "_timestamp": 1699703947.596284, "_runtime": 13.545519828796387, "_step": 0, "_wandb": {"runtime": 11}}