{"Accuracy": 0.7739130434782608, "_timestamp": 1699815370.921365, "_runtime": 1.7332510948181152, "_step": 0, "_wandb": {"runtime": 0}}