{"accuracy": 53.14685314685315, "_timestamp": 1699705825.4772637, "_runtime": 9.180599689483643, "_step": 0, "_wandb": {"runtime": 6}}