{"MSE": 32.48693927602934, "RMSE": 5.699731509117718, "R-squared": 0.6083732959100747, "_timestamp": 1699767821.4484088, "_runtime": 1.826838731765747, "_step": 0, "_wandb": {"runtime": 0}}