{"Accuracy": 0.6869565217391305, "_timestamp": 1699814427.3227928, "_runtime": 1.816450834274292, "_step": 0, "_wandb": {"runtime": 0}}