{"MSE": 8.028559872431536, "RMSE": 2.833471346675582, "R-squared": 0.9032165383536467, "_timestamp": 1699769626.8850634, "_runtime": 1.725907325744629, "_step": 0, "_wandb": {"runtime": 0}}