{"Accuracy": 0.7652173913043478, "_timestamp": 1699814713.9526207, "_runtime": 1.894211769104004, "_step": 0, "_wandb": {"runtime": 0}}