{"loss (MSE) ": 60655.54, "_timestamp": 1698070040.7756371, "_runtime": 6.392465114593506, "_step": 499, "_wandb": {"runtime": 5}}