{"MSE": 14.598298493594973, "RMSE": 3.820771976131914, "R-squared": 0.8240190165102472, "_timestamp": 1699768253.9925764, "_runtime": 1.802051305770874, "_step": 0, "_wandb": {"runtime": 0}}