{"MSE": 8.000621890322263, "RMSE": 2.828537058325781, "R-squared": 0.9035533278480159, "_timestamp": 1699769275.2784066, "_runtime": 1.7474067211151123, "_step": 0, "_wandb": {"runtime": 0}}