{"acc": 0.347, "loss": 0.196, "_timestamp": 1698067960.1738498, "_runtime": 6.698730707168579, "_step": 99, "_wandb": {"runtime": 4}}