{"Accuracy": 0.6956521739130435, "_timestamp": 1699814354.7677968, "_runtime": 1.8594918251037598, "_step": 0, "_wandb": {"runtime": 0}}