{"accuracy": 56.29370629370629, "_timestamp": 1699704562.8303165, "_runtime": 15.183478593826294, "_step": 0, "_wandb": {"runtime": 11}}