{"accuracy": 0.006564551422319475, "loss": NaN, "_timestamp": 1698072626.5927556, "_runtime": 7.7097156047821045, "_step": 99, "_wandb": {"runtime": 5}}