{"accuracy": 0.3161925601750547, "loss": 5.552274205749243, "_timestamp": 1698070402.1935515, "_runtime": 8.564193487167358, "_step": 249, "_wandb": {"runtime": 6}}