{"accuracy": 0.37089715536105033, "loss": 11.280075380683753, "_timestamp": 1698071647.7631605, "_runtime": 7.487764358520508, "_step": 99, "_wandb": {"runtime": 5}}