{"Accuracy": 0.782608695652174, "_timestamp": 1699815334.0224125, "_runtime": 2.0390894412994385, "_step": 0, "_wandb": {"runtime": 0}}