{"Accuracy": 0.782608695652174, "_timestamp": 1699815364.549743, "_runtime": 1.9622399806976318, "_step": 0, "_wandb": {"runtime": 0}}