{"MSE": 14.367984019390727, "RMSE": 3.790512368980047, "R-squared": 0.8267954337550495, "_timestamp": 1699768520.850763, "_runtime": 1.752681016921997, "_step": 0, "_wandb": {"runtime": 0}}