{"MSE": 6.407563797469572, "RMSE": 2.5313166134384635, "R-squared": 0.9227574789386057, "_timestamp": 1699769471.614016, "_runtime": 2.4067540168762207, "_step": 0, "_wandb": {"runtime": 0}}