{"Accuracy": 0.7478260869565218, "_timestamp": 1699815060.3081973, "_runtime": 1.7816753387451172, "_step": 0, "_wandb": {"runtime": 0}}