{"MSE": 9.586062201014164, "RMSE": 3.0961366573544784, "R-squared": 0.8844410083361033, "_timestamp": 1699768476.281041, "_runtime": 1.8372068405151367, "_step": 0, "_wandb": {"runtime": 0}}