{"accuracy": 0.3599562363238512, "loss": 12.764436964356102, "_timestamp": 1698072509.0021513, "_runtime": 12.785313367843628, "_step": 699, "_wandb": {"runtime": 10}}