{"accuracy": 0.5295404814004376, "loss": 1.535895671185679, "_timestamp": 1698069892.1490686, "_runtime": 12.22309160232544, "_step": 649, "_wandb": {"runtime": 10}}