{"MSE": 7.071773307833692, "RMSE": 2.659280599679863, "R-squared": 0.9147505017605181, "_timestamp": 1699768732.168377, "_runtime": 1.7405719757080078, "_step": 0, "_wandb": {"runtime": 0}}