{"accuracy": 52.44755244755245, "_timestamp": 1699703883.16626, "_runtime": 2.790971040725708, "_step": 0, "_wandb": {"runtime": 0}}