{"MSE": 9.739816286542194, "RMSE": 3.1208678739322164, "R-squared": 0.8825875186846441, "_timestamp": 1699767738.3194687, "_runtime": 1.7079477310180664, "_step": 0, "_wandb": {"runtime": 0}}