{"MSE": 10.26522158190191, "RMSE": 3.2039384485195574, "R-squared": 0.8762538120099455, "_timestamp": 1699767845.991625, "_runtime": 1.9428789615631104, "_step": 0, "_wandb": {"runtime": 0}}