{"Accuracy": 0.7565217391304347, "_timestamp": 1699814528.0248725, "_runtime": 1.672546625137329, "_step": 0, "_wandb": {"runtime": 0}}