{"MSE": 19.05886321764968, "RMSE": 4.365645796173767, "R-squared": 0.770247368574479, "_timestamp": 1699769063.7081888, "_runtime": 1.857203722000122, "_step": 0, "_wandb": {"runtime": 0}}