{"accuracy": 51.39860139860139, "_timestamp": 1699704623.0348024, "_runtime": 3.209409475326538, "_step": 0, "_wandb": {"runtime": 0}}