{"loss (MSE) ": 56196.233, "_timestamp": 1698070132.1722972, "_runtime": 7.427250146865845, "_step": 499, "_wandb": {"runtime": 5}}