{"accuracy": 0.40043763676148797, "loss": 9.986852355220549, "_timestamp": 1698070725.0898905, "_runtime": 8.568973541259766, "_step": 249, "_wandb": {"runtime": 6}}