{"Accuracy": 0.7739130434782608, "_timestamp": 1699815415.319586, "_runtime": 1.7397761344909668, "_step": 0, "_wandb": {"runtime": 0}}