{"MSE": 6.57319217181112, "RMSE": 2.5638237403946316, "R-squared": 0.9207608459595483, "_timestamp": 1699769126.304798, "_runtime": 1.8975989818572998, "_step": 0, "_wandb": {"runtime": 0}}