{"MSE": 22.63676813130285, "RMSE": 4.757811275292753, "R-squared": 0.7271160936650255, "_timestamp": 1699821593.3222737, "_runtime": 14.056980848312378, "_step": 0, "_wandb": {"runtime": 12}}