{"MSE": 10.3747660291923, "RMSE": 3.2209883621634368, "R-squared": 0.874933264990136, "_timestamp": 1699767316.1645997, "_runtime": 1.6903386116027832, "_step": 0, "_wandb": {"runtime": 0}}