{"Accuracy": 0.6695652173913044, "_timestamp": 1699814502.8619504, "_runtime": 1.7754085063934326, "_step": 0, "_wandb": {"runtime": 0}}