{"MSE": 21.232461945638274, "RMSE": 4.607869566908147, "R-squared": 0.7440448599717582, "_timestamp": 1699821256.4803042, "_runtime": 1.8417541980743408, "_step": 0, "_wandb": {"runtime": 0}}