{"MSE": 24.6746663138122, "RMSE": 4.967360095041651, "R-squared": 0.7025494411495063, "_timestamp": 1699767606.0338712, "_runtime": 1.7824091911315918, "_step": 0, "_wandb": {"runtime": 0}}