{"accuracy": 55.24475524475524, "_timestamp": 1699704997.1746778, "_runtime": 2.8519699573516846, "_step": 0, "_wandb": {"runtime": 0}}