{"accuracy": 51.39860139860139, "_timestamp": 1699704632.803307, "_runtime": 3.031609058380127, "_step": 0, "_wandb": {"runtime": 0}}