{"Accuracy": 0.7043478260869566, "_timestamp": 1699814694.8605824, "_runtime": 2.2115113735198975, "_step": 0, "_wandb": {"runtime": 0}}