{"MSE": 8.907625661021543, "RMSE": 2.9845645680771495, "R-squared": 0.8926194908897838, "_timestamp": 1699768248.0284662, "_runtime": 1.759932279586792, "_step": 0, "_wandb": {"runtime": 0}}