{"Accuracy": 0.7043478260869566, "_timestamp": 1699814334.467997, "_runtime": 1.7977039813995361, "_step": 0, "_wandb": {"runtime": 0}}