{"MSE": 10.86183430843022, "RMSE": 3.2957297080358727, "R-squared": 0.8690617070928539, "_timestamp": 1699768297.0158916, "_runtime": 1.7510814666748047, "_step": 0, "_wandb": {"runtime": 0}}