{"accuracy": 0.5251641137855579, "loss": 1.5452780074619983, "_timestamp": 1698069978.612339, "_runtime": 15.12109899520874, "_step": 849, "_wandb": {"runtime": 13}}