{"MSE": 10.319220471835743, "RMSE": 3.2123543502913474, "R-squared": 0.8756028609582129, "_timestamp": 1699768898.9831905, "_runtime": 1.803558588027954, "_step": 0, "_wandb": {"runtime": 0}}