{"Accuracy": 0.7565217391304347, "_timestamp": 1699814458.627245, "_runtime": 1.8881208896636963, "_step": 0, "_wandb": {"runtime": 0}}