{"accuracy": 50.349650349650354, "_timestamp": 1699704459.3924983, "_runtime": 15.403388261795044, "_step": 0, "_wandb": {"runtime": 11}}