{"acc": 0.477, "loss": 0.167, "_timestamp": 1698067825.2995086, "_runtime": 6.691929578781128, "_step": 99, "_wandb": {"runtime": 4}}