{"MSE": 11.415681707461486, "RMSE": 3.378710065611059, "R-squared": 0.8623851337903194, "_timestamp": 1699821834.290061, "_runtime": 1.730180025100708, "_step": 0, "_wandb": {"runtime": 0}}