{"accuracy": 0.49452954048140046, "loss": 1.6119504654870276, "_timestamp": 1698069419.0320914, "_runtime": 8.90469741821289, "_step": 249, "_wandb": {"runtime": 7}}