{"MSE": 8.04298038474713, "RMSE": 2.8360148773846605, "R-squared": 0.9030427005642059, "_timestamp": 1699769108.5508397, "_runtime": 1.7684617042541504, "_step": 0, "_wandb": {"runtime": 0}}