{"Accuracy": 0.6434782608695652, "_timestamp": 1699814328.4445803, "_runtime": 1.7498443126678467, "_step": 0, "_wandb": {"runtime": 0}}