{"accuracy": 54.1958041958042, "_timestamp": 1699704145.378849, "_runtime": 3.2629780769348145, "_step": 0, "_wandb": {"runtime": 0}}