{"accuracy": 0.4037199124726477, "loss": 10.140954869845606, "_timestamp": 1698071310.2597697, "_runtime": 14.05081558227539, "_step": 949, "_wandb": {"runtime": 12}}