{"Accuracy": 0.7217391304347827, "_timestamp": 1699814732.9222147, "_runtime": 1.7579267024993896, "_step": 0, "_wandb": {"runtime": 0}}