{"accuracy": 52.44755244755245, "_timestamp": 1699705109.1240418, "_runtime": 37.485655784606934, "_step": 0, "_wandb": {"runtime": 34}}