{"MSE": 12.450340118235964, "RMSE": 3.5285039490180488, "R-squared": 0.8499124333051277, "_timestamp": 1699769652.1270888, "_runtime": 1.8265297412872314, "_step": 0, "_wandb": {"runtime": 0}}