{"MSE": 8.936211267676725, "RMSE": 2.9893496395832866, "R-squared": 0.8922748943482733, "_timestamp": 1699768644.729376, "_runtime": 1.7072100639343262, "_step": 0, "_wandb": {"runtime": 0}}