{"accuracy": 0.35120350109409193, "loss": 11.781855485768983, "_timestamp": 1698072268.2528422, "_runtime": 14.741762161254883, "_step": 899, "_wandb": {"runtime": 12}}