{"loss (MSE) ": 121311.079, "_timestamp": 1698070205.5973835, "_runtime": 7.4404613971710205, "_step": 499, "_wandb": {"runtime": 5}}