{"Accuracy": 0.6956521739130435, "_timestamp": 1699814169.5369623, "_runtime": 1.691413164138794, "_step": 0, "_wandb": {"runtime": 0}}