{"accuracy": 54.54545454545454, "_timestamp": 1699705450.0000587, "_runtime": 47.2713737487793, "_step": 0, "_wandb": {"runtime": 45}}