{"Accuracy": 0.5130434782608696, "_timestamp": 1699756994.5830436, "_runtime": 4.553987503051758, "_step": 0, "_wandb": {"runtime": 2}}