{"accuracy": 54.54545454545454, "_timestamp": 1699704090.868667, "_runtime": 3.928280830383301, "_step": 0, "_wandb": {"runtime": 0}}