{"loss (MSE) ": 90983.309, "_timestamp": 1698070056.4282892, "_runtime": 8.003235101699829, "_step": 499, "_wandb": {"runtime": 5}}