{"accuracy": 52.7972027972028, "_timestamp": 1699705197.489251, "_runtime": 4.338096857070923, "_step": 0, "_wandb": {"runtime": 0}}