{"MSE": 17.5025655965277, "RMSE": 4.183606768869142, "R-squared": 0.7890083759677703, "_timestamp": 1699767852.2674696, "_runtime": 1.741379737854004, "_step": 0, "_wandb": {"runtime": 0}}