{"MSE": 8.43002502570389, "RMSE": 2.903450537843531, "R-squared": 0.8983769173155695, "_timestamp": 1699768011.3091054, "_runtime": 1.6940793991088867, "_step": 0, "_wandb": {"runtime": 0}}