{"Accuracy": 0.7391304347826086, "_timestamp": 1699814987.6080587, "_runtime": 1.8226056098937988, "_step": 0, "_wandb": {"runtime": 0}}