{"Accuracy": 0.5043478260869565, "_timestamp": 1699757003.0754552, "_runtime": 4.243598222732544, "_step": 0, "_wandb": {"runtime": 2}}