{"MSE": 8.455769207750588, "RMSE": 2.907880535329914, "R-squared": 0.898066573854809, "_timestamp": 1699769083.571981, "_runtime": 1.773818016052246, "_step": 0, "_wandb": {"runtime": 0}}