{"MSE": 10.968039215686277, "RMSE": 3.311803015833864, "R-squared": 0.8677814178839054, "_timestamp": 1699821488.4843898, "_runtime": 1.7576286792755127, "_step": 0, "_wandb": {"runtime": 0}}