{"Accuracy": 0.7391304347826086, "_timestamp": 1699814854.327452, "_runtime": 1.756086826324463, "_step": 0, "_wandb": {"runtime": 0}}