{"MSE": 10.031642406961039, "RMSE": 3.167276812493824, "R-squared": 0.8790695848855894, "_timestamp": 1699767617.6782494, "_runtime": 1.6743123531341553, "_step": 0, "_wandb": {"runtime": 0}}