{"MSE": 18.853507751162365, "RMSE": 4.342062614836682, "R-squared": 0.7727229075541272, "_timestamp": 1699768559.5535934, "_runtime": 2.8265655040740967, "_step": 0, "_wandb": {"runtime": 0}}