{"MSE": 39.11600789511381, "RMSE": 6.254279166707688, "R-squared": 0.5284605570577087, "_timestamp": 1699768470.231623, "_runtime": 1.7581498622894287, "_step": 0, "_wandb": {"runtime": 0}}