{"MSE": 11.71655439710817, "RMSE": 3.4229452810566765, "R-squared": 0.8587581445317793, "_timestamp": 1699820889.0514963, "_runtime": 1.8978362083435059, "_step": 0, "_wandb": {"runtime": 0}}