{"Accuracy": 0.6782608695652174, "_timestamp": 1699814950.579488, "_runtime": 1.8158619403839111, "_step": 0, "_wandb": {"runtime": 0}}