{"accuracy": 51.048951048951054, "_timestamp": 1699705574.3681087, "_runtime": 2.403019666671753, "_step": 0, "_wandb": {"runtime": 0}}