{"accuracy": 0.4048140043763676, "loss": 12.480726594010573, "_timestamp": 1698072347.6979246, "_runtime": 8.64672064781189, "_step": 249, "_wandb": {"runtime": 6}}