{"accuracy": 52.09790209790209, "_timestamp": 1699703873.7768657, "_runtime": 2.8468828201293945, "_step": 0, "_wandb": {"runtime": 0}}