{"accuracy": 52.7972027972028, "_timestamp": 1699704576.1099834, "_runtime": 5.959104537963867, "_step": 0, "_wandb": {"runtime": 2}}