{"Accuracy": 0.6695652173913044, "_timestamp": 1699814496.731394, "_runtime": 1.7645220756530762, "_step": 0, "_wandb": {"runtime": 0}}