{"MSE": 10.827899311002747, "RMSE": 3.2905773522290502, "R-squared": 0.8694707899886878, "_timestamp": 1699768752.0561554, "_runtime": 1.7189185619354248, "_step": 0, "_wandb": {"runtime": 0}}