{"MSE": 7.815998921388336, "RMSE": 2.7957108078963273, "R-squared": 0.9057789387068462, "_timestamp": 1699768546.4153624, "_runtime": 1.7019002437591553, "_step": 0, "_wandb": {"runtime": 0}}