{"accuracy": 0.40700218818380746, "loss": 11.741897933924431, "_timestamp": 1698072528.172111, "_runtime": 13.208207130432129, "_step": 749, "_wandb": {"runtime": 11}}