{"accuracy": 0.44638949671772427, "loss": 2.8141251954240643, "_timestamp": 1698070034.0808022, "_runtime": 7.4549500942230225, "_step": 99, "_wandb": {"runtime": 5}}