{"Accuracy": 0.7043478260869566, "_timestamp": 1699814137.9254906, "_runtime": 1.8062846660614014, "_step": 0, "_wandb": {"runtime": 0}}