{"accuracy": 0.4135667396061269, "loss": 12.723582878064276, "_timestamp": 1698072612.4699228, "_runtime": 14.366010665893555, "_step": 949, "_wandb": {"runtime": 12}}