{"MSE": 16.118898557999767, "RMSE": 4.0148348107985425, "R-squared": 0.8056883394833357, "_timestamp": 1699769558.7953925, "_runtime": 1.8115694522857666, "_step": 0, "_wandb": {"runtime": 0}}