{"Accuracy": 0.7478260869565218, "_timestamp": 1699815225.7882183, "_runtime": 1.7174973487854004, "_step": 0, "_wandb": {"runtime": 0}}