{"loss (MSE) ": 112392.465, "_timestamp": 1698070161.387743, "_runtime": 7.370798110961914, "_step": 499, "_wandb": {"runtime": 5}}