{"MSE": 13.549916400610513, "RMSE": 3.6810211084168634, "R-squared": 0.8366571545697887, "_timestamp": 1699768351.720777, "_runtime": 1.7212579250335693, "_step": 0, "_wandb": {"runtime": 0}}