{"Accuracy": 0.7391304347826086, "_timestamp": 1699814776.975708, "_runtime": 1.8886170387268066, "_step": 0, "_wandb": {"runtime": 0}}