{"MSE": 12.753713235294118, "RMSE": 3.5712341333625996, "R-squared": 0.8462553016518963, "_timestamp": 1699821726.9254005, "_runtime": 1.781660556793213, "_step": 0, "_wandb": {"runtime": 0}}