{"Accuracy": 0.7478260869565218, "_timestamp": 1699814707.91427, "_runtime": 1.8439409732818604, "_step": 0, "_wandb": {"runtime": 0}}