{"acc": 0.417, "loss": 0.255, "_timestamp": 1698067221.8555279, "_runtime": 7.027951955795288, "_step": 99, "_wandb": {"runtime": 5}}