{"Accuracy": 0.7478260869565218, "_timestamp": 1699815123.339552, "_runtime": 1.7897100448608398, "_step": 0, "_wandb": {"runtime": 0}}