{"acc": 0.421, "loss": 0.229, "_timestamp": 1698063750.730982, "_runtime": 35.40904116630554, "_step": 499, "_wandb": {"runtime": 9}}