{"Accuracy": 0.7652173913043478, "_timestamp": 1699815383.5359113, "_runtime": 1.8754312992095947, "_step": 0, "_wandb": {"runtime": 0}}