{"accuracy": 0.3490153172866521, "loss": 11.200204053702082, "_timestamp": 1698071727.8517857, "_runtime": 9.650778770446777, "_step": 349, "_wandb": {"runtime": 7}}