{"MSE": 10.337728394291476, "RMSE": 3.2152338008753696, "R-squared": 0.8753797498608791, "_timestamp": 1699768947.6559417, "_runtime": 1.7887496948242188, "_step": 0, "_wandb": {"runtime": 0}}