{"Accuracy": 0.7391304347826086, "_timestamp": 1699815289.2910774, "_runtime": 1.750352382659912, "_step": 0, "_wandb": {"runtime": 0}}