{"accuracy": 0.33916849015317285, "loss": 2.90181311137482, "_timestamp": 1698070204.1340659, "_runtime": 11.614521980285645, "_step": 599, "_wandb": {"runtime": 9}}