{"MSE": 11.683468137254906, "RMSE": 3.4181088539212596, "R-squared": 0.8591569959836476, "_timestamp": 1699822172.9175165, "_runtime": 1.8022894859313965, "_step": 0, "_wandb": {"runtime": 0}}