{"MSE": 17.810358731476637, "RMSE": 4.220232070808031, "R-squared": 0.7852979614544985, "_timestamp": 1699821676.0446742, "_runtime": 32.046401262283325, "_step": 0, "_wandb": {"runtime": 30}}