{"loss (MSE) ": 1945.557, "_timestamp": 1698072727.5149214, "_runtime": 7.630768537521362, "_step": 499, "_wandb": {"runtime": 5}}