{"MSE": 14.565896021786827, "RMSE": 3.8165293162488387, "R-squared": 0.8244096249677191, "_timestamp": 1699768650.841287, "_runtime": 1.8483498096466064, "_step": 0, "_wandb": {"runtime": 0}}