{"Accuracy": 0.6173913043478261, "_timestamp": 1699814589.9347138, "_runtime": 1.799259901046753, "_step": 0, "_wandb": {"runtime": 0}}