{"MSE": 28.785568358698562, "RMSE": 5.365218388723665, "R-squared": 0.652992940766496, "_timestamp": 1699767402.0186484, "_runtime": 1.703653335571289, "_step": 0, "_wandb": {"runtime": 0}}