{"MSE": 16.57952468182041, "RMSE": 4.0717962475817, "R-squared": 0.8001355390438465, "_timestamp": 1699822278.236298, "_runtime": 19.427610158920288, "_step": 0, "_wandb": {"runtime": 17}}