{"Accuracy": 0.7478260869565218, "_timestamp": 1699815340.337526, "_runtime": 1.735645055770874, "_step": 0, "_wandb": {"runtime": 0}}