{"MSE": 14.946374632772756, "RMSE": 3.866054142504054, "R-squared": 0.8198229945335286, "_timestamp": 1699768602.1741812, "_runtime": 1.81034517288208, "_step": 0, "_wandb": {"runtime": 0}}