{"acc": 0.422, "loss": 0.23, "_timestamp": 1698065523.2291589, "_runtime": 11.130952835083008, "_step": 499, "_wandb": {"runtime": 9}}