{"Accuracy": 0.5217391304347826, "_timestamp": 1699756961.7620304, "_runtime": 14.198911428451538, "_step": 0, "_wandb": {"runtime": 13}}