{"MSE": 16.091475221587842, "RMSE": 4.0114181060552445, "R-squared": 0.8060189249768752, "_timestamp": 1699767389.3800175, "_runtime": 1.6922504901885986, "_step": 0, "_wandb": {"runtime": 0}}