{"acc": 0.422, "loss": 0.23, "_timestamp": 1698065728.8592825, "_runtime": 10.945911407470703, "_step": 499, "_wandb": {"runtime": 8}}