{"accuracy": 0.5798687089715536, "loss": 1.3888032062004074, "_timestamp": 1698069625.3207603, "_runtime": 13.46858525276184, "_step": 799, "_wandb": {"runtime": 11}}