{"MSE": 28.913720599609114, "RMSE": 5.377147998670774, "R-squared": 0.6514480787127608, "_timestamp": 1699767714.02957, "_runtime": 1.7697381973266602, "_step": 0, "_wandb": {"runtime": 0}}