{"accuracy": 0.40919037199124725, "loss": 12.25245046557441, "_timestamp": 1698072661.8498302, "_runtime": 8.446149110794067, "_step": 199, "_wandb": {"runtime": 6}}