{"Accuracy": 0.7478260869565218, "_timestamp": 1699814783.5241346, "_runtime": 1.8841185569763184, "_step": 0, "_wandb": {"runtime": 0}}