{"accuracy": 0.3938730853391685, "loss": 12.556294563322014, "_timestamp": 1698071861.9151607, "_runtime": 12.655401706695557, "_step": 699, "_wandb": {"runtime": 10}}