{"MSE": 10.202836817395216, "RMSE": 3.1941879746494597, "R-squared": 0.8770058539152046, "_timestamp": 1699767993.0424848, "_runtime": 1.8595998287200928, "_step": 0, "_wandb": {"runtime": 0}}