{"accuracy": 52.7972027972028, "_timestamp": 1699704859.9855278, "_runtime": 2.5088257789611816, "_step": 0, "_wandb": {"runtime": 0}}