{"Accuracy": 0.6869565217391305, "_timestamp": 1699814119.2350101, "_runtime": 1.755690097808838, "_step": 0, "_wandb": {"runtime": 0}}