{"MSE": 13.328819389404108, "RMSE": 3.6508655671503583, "R-squared": 0.8393224562483247, "_timestamp": 1699769447.4424522, "_runtime": 1.7917771339416504, "_step": 0, "_wandb": {"runtime": 0}}