{"Accuracy": 0.7565217391304347, "_timestamp": 1699815017.3709788, "_runtime": 1.826786756515503, "_step": 0, "_wandb": {"runtime": 0}}