{"Accuracy": 0.7217391304347827, "_timestamp": 1699815685.6389704, "_runtime": 1.7843103408813477, "_step": 0, "_wandb": {"runtime": 0}}