{"acc": 0.439, "loss": 0.261, "_timestamp": 1698067400.13712, "_runtime": 6.892448902130127, "_step": 99, "_wandb": {"runtime": 5}}