{"MSE": 34.9138776428909, "RMSE": 5.908796632385557, "R-squared": 0.5791168040759955, "_timestamp": 1699821703.4045367, "_runtime": 5.950859785079956, "_step": 0, "_wandb": {"runtime": 4}}