{"loss (MSE) ": 90983.309, "_timestamp": 1698069938.9984128, "_runtime": 7.523443937301636, "_step": 499, "_wandb": {"runtime": 5}}