{"MSE": 6.620895760908497, "RMSE": 2.573110133847461, "R-squared": 0.9201857841104547, "_timestamp": 1699768935.1844146, "_runtime": 1.8335216045379639, "_step": 0, "_wandb": {"runtime": 0}}