{"MSE": 17.387078761459325, "RMSE": 4.169781620356074, "R-squared": 0.7904005578596782, "_timestamp": 1699767981.051606, "_runtime": 1.769320011138916, "_step": 0, "_wandb": {"runtime": 0}}