{"acc": 0.422, "loss": 0.23, "_timestamp": 1698066242.1419523, "_runtime": 10.996567249298096, "_step": 499, "_wandb": {"runtime": 9}}