{"MSE": 19.809001049554666, "RMSE": 4.4507303950649115, "R-squared": 0.7612045343380486, "_timestamp": 1699820552.6333976, "_runtime": 19.837214469909668, "_step": 0, "_wandb": {"runtime": 18}}