{"MSE": 17.522409678847016, "RMSE": 4.1859777446669515, "R-squared": 0.7887691576010176, "_timestamp": 1699820609.8604872, "_runtime": 10.332611322402954, "_step": 0, "_wandb": {"runtime": 8}}