{"MSE": 13.391162319598406, "RMSE": 3.659393709290981, "R-squared": 0.8385709186513891, "_timestamp": 1699768395.0279593, "_runtime": 1.7817914485931396, "_step": 0, "_wandb": {"runtime": 0}}