{"accuracy": 0.43216630196936545, "loss": 11.487117549287971, "_timestamp": 1698071514.5638313, "_runtime": 11.410046339035034, "_step": 649, "_wandb": {"runtime": 9}}