{"accuracy": 0.40043763676148797, "loss": 11.17562234354536, "_timestamp": 1698071842.5988266, "_runtime": 12.067737579345703, "_step": 649, "_wandb": {"runtime": 10}}