{"accuracy": 51.39860139860139, "_timestamp": 1699704676.2234092, "_runtime": 3.053772211074829, "_step": 0, "_wandb": {"runtime": 0}}