{"acc": 0.559, "loss": 0.197, "_timestamp": 1698067811.6268265, "_runtime": 6.5407514572143555, "_step": 99, "_wandb": {"runtime": 4}}