{"Accuracy": 0.7043478260869566, "_timestamp": 1699815390.2877371, "_runtime": 1.7874701023101807, "_step": 0, "_wandb": {"runtime": 0}}