{"MSE": 38.76146287536611, "RMSE": 6.22587045121934, "R-squared": 0.5327345607228597, "_timestamp": 1699821692.1889637, "_runtime": 9.998773574829102, "_step": 0, "_wandb": {"runtime": 8}}