{"loss (MSE) ": 1766.91, "_timestamp": 1698072711.781039, "_runtime": 7.40554404258728, "_step": 499, "_wandb": {"runtime": 5}}