{"loss (MSE) ": 2738.297, "_timestamp": 1698072682.3092194, "_runtime": 7.192793369293213, "_step": 499, "_wandb": {"runtime": 5}}