{"MSE": 11.005608689282527, "RMSE": 3.317470224324934, "R-squared": 0.867328521752513, "_timestamp": 1699769243.8068051, "_runtime": 1.7688660621643066, "_step": 0, "_wandb": {"runtime": 0}}