{"accuracy": 0.526258205689278, "loss": 1.6235380174390972, "_timestamp": 1698069717.3508663, "_runtime": 8.117868423461914, "_step": 149, "_wandb": {"runtime": 6}}