{"accuracy": 55.59440559440559, "_timestamp": 1699704204.6264002, "_runtime": 4.114209175109863, "_step": 0, "_wandb": {"runtime": 0}}