{"MSE": 5.393197059194944, "RMSE": 2.322325786618868, "R-squared": 0.9349855654035579, "_timestamp": 1699769180.522746, "_runtime": 1.9919960498809814, "_step": 0, "_wandb": {"runtime": 0}}