{"acc": 0.391, "loss": 0.277, "_timestamp": 1698067326.4691412, "_runtime": 6.95223331451416, "_step": 99, "_wandb": {"runtime": 4}}