{"MSE": 11.99072089466919, "RMSE": 3.462762032636547, "R-squared": 0.8554530956658517, "_timestamp": 1699768040.918555, "_runtime": 1.7383449077606201, "_step": 0, "_wandb": {"runtime": 0}}