{"acc": 0.421, "loss": 0.231, "_timestamp": 1698065381.2490637, "_runtime": 10.854760646820068, "_step": 499, "_wandb": {"runtime": 9}}