{"MSE": 49.14497717257038, "RMSE": 7.010347863877397, "R-squared": 0.40756236624391773, "_timestamp": 1699767623.5963526, "_runtime": 1.7981905937194824, "_step": 0, "_wandb": {"runtime": 0}}