{"accuracy": 0.40700218818380746, "loss": 10.855242320701997, "_timestamp": 1698071289.1862128, "_runtime": 13.663070678710938, "_step": 899, "_wandb": {"runtime": 11}}