{"MSE": 5.8877208148117495, "RMSE": 2.4264626135202967, "R-squared": 0.9290241325070684, "_timestamp": 1699768626.5837133, "_runtime": 1.7530183792114258, "_step": 0, "_wandb": {"runtime": 0}}