{"MSE": 11.524721942799184, "RMSE": 3.394808086298721, "R-squared": 0.8610706649936236, "_timestamp": 1699768893.031473, "_runtime": 1.7481648921966553, "_step": 0, "_wandb": {"runtime": 0}}