{"MSE": 9.549268726491512, "RMSE": 3.0901891085322775, "R-squared": 0.8848845498786565, "_timestamp": 1699769496.3097432, "_runtime": 2.0838892459869385, "_step": 0, "_wandb": {"runtime": 0}}