{"accuracy": 54.1958041958042, "_timestamp": 1699705583.1235435, "_runtime": 3.1664974689483643, "_step": 0, "_wandb": {"runtime": 0}}