{"Accuracy": 0.7652173913043478, "_timestamp": 1699814796.7144318, "_runtime": 1.8238508701324463, "_step": 0, "_wandb": {"runtime": 0}}