{"acc": 0.417, "loss": 0.23, "_timestamp": 1698067930.1385899, "_runtime": 6.795259952545166, "_step": 99, "_wandb": {"runtime": 4}}