{"MSE": 8.870187437993184, "RMSE": 2.978285989960196, "R-squared": 0.89307080480911, "_timestamp": 1699769095.9283004, "_runtime": 1.7720112800598145, "_step": 0, "_wandb": {"runtime": 0}}