{"accuracy": 52.09790209790209, "_timestamp": 1699705779.7643528, "_runtime": 2.974078893661499, "_step": 0, "_wandb": {"runtime": 0}}