{"accuracy": 53.84615384615385, "_timestamp": 1699704472.9385006, "_runtime": 8.33684253692627, "_step": 0, "_wandb": {"runtime": 5}}