{"MSE": 11.22694519853346, "RMSE": 3.3506633967818167, "R-squared": 0.8646603329497385, "_timestamp": 1699769300.1496534, "_runtime": 1.8008804321289062, "_step": 0, "_wandb": {"runtime": 0}}