{"Accuracy": 0.7739130434782608, "_timestamp": 1699814682.490249, "_runtime": 1.7154569625854492, "_step": 0, "_wandb": {"runtime": 0}}