{"MSE": 12.435993432158059, "RMSE": 3.5264703929223704, "R-squared": 0.8500853811268835, "_timestamp": 1699769212.8058891, "_runtime": 1.7625541687011719, "_step": 0, "_wandb": {"runtime": 0}}