{"accuracy": 0.5065645514223195, "loss": 1.5482740350092603, "_timestamp": 1698069834.519111, "_runtime": 11.763558864593506, "_step": 499, "_wandb": {"runtime": 9}}