{"MSE": 17.40336831730799, "RMSE": 4.171734449519527, "R-squared": 0.7902041889431147, "_timestamp": 1699768959.4704876, "_runtime": 1.8052046298980713, "_step": 0, "_wandb": {"runtime": 0}}