{"MSE": 7.7443953044222456, "RMSE": 2.782875366311299, "R-squared": 0.9066421129281875, "_timestamp": 1699769102.0260935, "_runtime": 1.7796564102172852, "_step": 0, "_wandb": {"runtime": 0}}