{"Accuracy": 0.6173913043478261, "_timestamp": 1699757050.0224297, "_runtime": 9.8395676612854, "_step": 0, "_wandb": {"runtime": 8}}