{"MSE": 17.184073518854518, "RMSE": 4.145367718171033, "R-squared": 0.7928477651326933, "_timestamp": 1699768156.3446126, "_runtime": 1.6925835609436035, "_step": 0, "_wandb": {"runtime": 0}}