{"MSE": 13.798268326048587, "RMSE": 3.714602041410168, "R-squared": 0.8336632977097347, "_timestamp": 1699769255.9109037, "_runtime": 1.770073652267456, "_step": 0, "_wandb": {"runtime": 0}}