{"acc": 0.421, "loss": 0.23, "_timestamp": 1698065504.7101634, "_runtime": 11.07529330253601, "_step": 499, "_wandb": {"runtime": 9}}