{"accuracy": 0.35667396061269147, "loss": 10.726804631988319, "_timestamp": 1698071571.2632108, "_runtime": 12.814822673797607, "_step": 799, "_wandb": {"runtime": 10}}