{"Accuracy": 0.7739130434782608, "_timestamp": 1699815523.2965233, "_runtime": 1.9003803730010986, "_step": 0, "_wandb": {"runtime": 0}}