{"loss (MSE) ": 2144.793, "_timestamp": 1698072742.5535212, "_runtime": 7.92866325378418, "_step": 499, "_wandb": {"runtime": 5}}