{"accuracy": 0.3063457330415755, "loss": 5.721931910254252, "_timestamp": 1698070372.6628733, "_runtime": 7.669823169708252, "_step": 149, "_wandb": {"runtime": 5}}