{"accuracy": 0.36980306345733044, "loss": 12.577507042035755, "_timestamp": 1698071476.175328, "_runtime": 11.091109991073608, "_step": 549, "_wandb": {"runtime": 9}}