{"acc": 0.422, "loss": 0.235, "_timestamp": 1698064256.689472, "_runtime": 9.922054052352905, "_step": 499, "_wandb": {"runtime": 8}}