{"acc": 0.006, "loss": NaN, "_timestamp": 1698067975.6977515, "_runtime": 6.594725608825684, "_step": 99, "_wandb": {"runtime": 4}}