{"acc": 0.41, "loss": 0.212, "_timestamp": 1698067297.1227255, "_runtime": 6.736377477645874, "_step": 99, "_wandb": {"runtime": 5}}