{"accuracy": 51.74825174825175, "_timestamp": 1699704389.986293, "_runtime": 3.108044147491455, "_step": 0, "_wandb": {"runtime": 0}}