{"accuracy": 0.34573304157549234, "loss": 12.694252659794332, "_timestamp": 1698072764.6142414, "_runtime": 11.272754430770874, "_step": 499, "_wandb": {"runtime": 9}}