{"accuracy": 53.14685314685315, "_timestamp": 1699705758.4610918, "_runtime": 2.1874277591705322, "_step": 0, "_wandb": {"runtime": 0}}