{"MSE": 15.952773886165806, "RMSE": 3.9940923732640194, "R-squared": 0.8076909552775038, "_timestamp": 1699821429.8131833, "_runtime": 31.65460228919983, "_step": 0, "_wandb": {"runtime": 29}}