{"loss (MSE) ": 2.5369750205065034e+23, "_timestamp": 1698074502.7033374, "_runtime": 6.556166410446167, "_step": 0, "_wandb": {"runtime": 111}}