{"Accuracy": 0.46956521739130436, "_timestamp": 1699756975.0987084, "_runtime": 9.257150411605835, "_step": 0, "_wandb": {"runtime": 7}}