{"accuracy": 0.38840262582056895, "loss": 10.303057948215477, "_timestamp": 1698071020.7710123, "_runtime": 7.7964231967926025, "_step": 149, "_wandb": {"runtime": 5}}