{"accuracy": 52.44755244755245, "_timestamp": 1699705156.1666446, "_runtime": 40.87614154815674, "_step": 0, "_wandb": {"runtime": 38}}