{"accuracy": 0.3949671772428884, "loss": 9.99820754334738, "_timestamp": 1698070694.60077, "_runtime": 7.779131889343262, "_step": 149, "_wandb": {"runtime": 5}}