{"accuracy": 0.36433260393873085, "loss": 9.27390271394164, "_timestamp": 1698070908.9902456, "_runtime": 12.55866265296936, "_step": 749, "_wandb": {"runtime": 10}}