{"accuracy": 52.44755244755245, "_timestamp": 1699704257.7493072, "_runtime": 2.5887651443481445, "_step": 0, "_wandb": {"runtime": 0}}