{"Accuracy": 0.6869565217391305, "_timestamp": 1699814624.7776797, "_runtime": 1.7494847774505615, "_step": 0, "_wandb": {"runtime": 0}}