{"accuracy": 0.4485776805251641, "loss": 1.692259925935413, "_timestamp": 1698069782.077834, "_runtime": 9.587196826934814, "_step": 349, "_wandb": {"runtime": 7}}