{"accuracy": 55.59440559440559, "_timestamp": 1699703753.5900862, "_runtime": 1.8153362274169922, "_step": 0, "_wandb": {"runtime": 0}}