{"accuracy": 0.324945295404814, "loss": 10.087897400505469, "_timestamp": 1698071065.9972656, "_runtime": 8.971868515014648, "_step": 299, "_wandb": {"runtime": 7}}