{"accuracy": 0.5689277899343544, "loss": 1.3912497516357536, "_timestamp": 1698069687.6333535, "_runtime": 13.91679835319519, "_step": 949, "_wandb": {"runtime": 11}}