{"Accuracy": 0.7478260869565218, "_timestamp": 1699815492.7057226, "_runtime": 1.7620196342468262, "_step": 0, "_wandb": {"runtime": 0}}