{"MSE": 11.948249672053969, "RMSE": 3.456624028160131, "R-squared": 0.8559650818763761, "_timestamp": 1699820634.1664927, "_runtime": 1.8758926391601562, "_step": 0, "_wandb": {"runtime": 0}}