{"Accuracy": 0.7130434782608696, "_timestamp": 1699814516.0678668, "_runtime": 1.8784759044647217, "_step": 0, "_wandb": {"runtime": 0}}