{"MSE": 33.893657148855766, "RMSE": 5.82182592910985, "R-squared": 0.5914154569632123, "_timestamp": 1699820712.804885, "_runtime": 13.847325801849365, "_step": 0, "_wandb": {"runtime": 12}}