{"Accuracy": 0.782608695652174, "_timestamp": 1699815263.1688852, "_runtime": 1.855661153793335, "_step": 0, "_wandb": {"runtime": 0}}