{"MSE": 25.535400595266903, "RMSE": 5.053256434742542, "R-squared": 0.692173378114475, "_timestamp": 1699820803.0206764, "_runtime": 13.986106395721436, "_step": 0, "_wandb": {"runtime": 12}}