{"MSE": 17.28082663224264, "RMSE": 4.157021365382025, "R-squared": 0.7916814163244943, "_timestamp": 1699768713.568796, "_runtime": 1.7780489921569824, "_step": 0, "_wandb": {"runtime": 0}}