{"accuracy": 0.4048140043763676, "loss": 12.445404698230409, "_timestamp": 1698071944.0668397, "_runtime": 14.004446744918823, "_step": 899, "_wandb": {"runtime": 12}}