{"accuracy": 53.4965034965035, "_timestamp": 1699705908.2600448, "_runtime": 2.041900873184204, "_step": 0, "_wandb": {"runtime": 0}}