{"accuracy": 0.3774617067833698, "loss": 13.482426047445191, "_timestamp": 1698072397.2985756, "_runtime": 10.123956680297852, "_step": 399, "_wandb": {"runtime": 8}}