{"MSE": 9.84903246956332, "RMSE": 3.138316821094282, "R-squared": 0.881270928856762, "_timestamp": 1699767412.9153395, "_runtime": 1.4621233940124512, "_step": 0, "_wandb": {"runtime": 0}}