{"accuracy": 55.24475524475524, "_timestamp": 1699704959.7159865, "_runtime": 35.84526753425598, "_step": 0, "_wandb": {"runtime": 32}}