{"MSE": 7.0032717479672195, "RMSE": 2.6463695410821253, "R-squared": 0.9155762810032958, "_timestamp": 1699768923.301865, "_runtime": 1.7871711254119873, "_step": 0, "_wandb": {"runtime": 0}}