{"accuracy": 53.84615384615385, "_timestamp": 1699705689.8989162, "_runtime": 51.882721185684204, "_step": 0, "_wandb": {"runtime": 50}}