{"MSE": 12.920869696607367, "RMSE": 3.594561127120718, "R-squared": 0.8442402477419164, "_timestamp": 1699767681.6064832, "_runtime": 1.7053933143615723, "_step": 0, "_wandb": {"runtime": 0}}