{"MSE": 9.302321302958791, "RMSE": 3.049970705262395, "R-squared": 0.8878614756130232, "_timestamp": 1699767764.5749764, "_runtime": 1.8294525146484375, "_step": 0, "_wandb": {"runtime": 0}}