{"accuracy": 0.38293216630196936, "loss": 14.023091377610017, "_timestamp": 1698072468.7497044, "_runtime": 11.35248327255249, "_step": 599, "_wandb": {"runtime": 9}}