{"loss (MSE) ": 4823.474, "_timestamp": 1698070086.9555385, "_runtime": 7.3698225021362305, "_step": 499, "_wandb": {"runtime": 5}}