{"Accuracy": 0.7478260869565218, "_timestamp": 1699814310.519259, "_runtime": 1.7752249240875244, "_step": 0, "_wandb": {"runtime": 0}}