{"Accuracy": 0.7565217391304347, "_timestamp": 1699814465.3727944, "_runtime": 1.9633774757385254, "_step": 0, "_wandb": {"runtime": 0}}