{"acc": 0.417, "loss": 0.272, "_timestamp": 1698067518.8571286, "_runtime": 6.730982542037964, "_step": 99, "_wandb": {"runtime": 4}}