{"accuracy": 0.5514223194748359, "loss": 1.4714332201336873, "_timestamp": 1698069505.8906233, "_runtime": 10.792107343673706, "_step": 499, "_wandb": {"runtime": 8}}