{"MSE": 6.613400522890932, "RMSE": 2.571653266459328, "R-squared": 0.9202761384321176, "_timestamp": 1699769174.2994618, "_runtime": 1.732165813446045, "_step": 0, "_wandb": {"runtime": 0}}