{"loss (MSE) ": 4654.491, "_timestamp": 1698072652.9724188, "_runtime": 7.138840675354004, "_step": 499, "_wandb": {"runtime": 5}}