{"accuracy": 52.7972027972028, "_timestamp": 1699703735.3617446, "_runtime": 23.3122296333313, "_step": 0, "_wandb": {"runtime": 20}}