{"acc": 0.421, "loss": 0.23, "_timestamp": 1698065118.0067031, "_runtime": 514.2186081409454, "_step": 999, "_wandb": {"runtime": 702}}