{"MSE": 7.948039215686275, "RMSE": 2.8192267052662285, "R-squared": 0.904187206570322, "_timestamp": 1699756267.7602162, "_runtime": 9.27448320388794, "_step": 0, "_wandb": {"runtime": 7}}