{"accuracy": 0.3238512035010941, "loss": 5.34802195091162, "_timestamp": 1698070663.5165052, "_runtime": 14.170100212097168, "_step": 949, "_wandb": {"runtime": 12}}