{"accuracy": 0.3851203501094092, "loss": 14.645829652184958, "_timestamp": 1698072646.9312248, "_runtime": 8.365468740463257, "_step": 149, "_wandb": {"runtime": 6}}