{"accuracy": 54.89510489510489, "_timestamp": 1699704289.3217483, "_runtime": 24.527623176574707, "_step": 0, "_wandb": {"runtime": 21}}