{"accuracy": 55.59440559440559, "_timestamp": 1699703819.5291805, "_runtime": 20.4449725151062, "_step": 0, "_wandb": {"runtime": 18}}