{"accuracy": 0.45185995623632386, "loss": 5.935732524748754, "_timestamp": 1698070522.3037875, "_runtime": 11.402291536331177, "_step": 599, "_wandb": {"runtime": 9}}