{"MSE": 8.637981215031374, "RMSE": 2.9390442689812235, "R-squared": 0.8958700268901758, "_timestamp": 1699768451.370763, "_runtime": 2.1838021278381348, "_step": 0, "_wandb": {"runtime": 0}}