{"accuracy": 0.3687089715536105, "loss": 9.627419394955076, "_timestamp": 1698070948.9383569, "_runtime": 13.001293897628784, "_step": 849, "_wandb": {"runtime": 11}}