{"Accuracy": 0.7130434782608696, "_timestamp": 1699814790.3441772, "_runtime": 2.0239791870117188, "_step": 0, "_wandb": {"runtime": 0}}