{"Accuracy": 0.7652173913043478, "_timestamp": 1699815270.1719713, "_runtime": 1.8584473133087158, "_step": 0, "_wandb": {"runtime": 0}}