{"loss (MSE) ": 1737.434, "_timestamp": 1698072788.3245425, "_runtime": 7.676309585571289, "_step": 213, "_wandb": {"runtime": 6}}