{"MSE": 7.348031330654635, "RMSE": 2.7107252407159668, "R-squared": 0.9114202397731849, "_timestamp": 1699769349.2165163, "_runtime": 1.926166296005249, "_step": 0, "_wandb": {"runtime": 0}}