{"MSE": 12.000462622549023, "RMSE": 3.464168388307506, "R-squared": 0.8553356601404764, "_timestamp": 1699821719.67379, "_runtime": 1.7730019092559814, "_step": 0, "_wandb": {"runtime": 0}}