{"MSE": 8.490953203407946, "RMSE": 2.9139240215571762, "R-squared": 0.8976424344140654, "_timestamp": 1699769231.9590046, "_runtime": 1.8468806743621826, "_step": 0, "_wandb": {"runtime": 0}}