{"accuracy": 0.5514223194748359, "loss": 1.5005395780836202, "_timestamp": 1698069471.122195, "_runtime": 10.406758069992065, "_step": 399, "_wandb": {"runtime": 8}}