{"MSE": 18.241227671274682, "RMSE": 4.270975025831301, "R-squared": 0.7801038808009131, "_timestamp": 1699821901.7485356, "_runtime": 27.339423656463623, "_step": 0, "_wandb": {"runtime": 25}}