{"accuracy": 0.3741794310722101, "loss": 13.18256442913588, "_timestamp": 1698072332.6276274, "_runtime": 8.346591472625732, "_step": 199, "_wandb": {"runtime": 6}}