{"Accuracy": 0.7391304347826086, "_timestamp": 1699815679.6256113, "_runtime": 1.8053662776947021, "_step": 0, "_wandb": {"runtime": 0}}