{"MSE": 8.028567658968472, "RMSE": 2.8334727207030723, "R-squared": 0.9032164444877466, "_timestamp": 1699768437.8302703, "_runtime": 1.7501583099365234, "_step": 0, "_wandb": {"runtime": 0}}