{"MSE": 11.593692394248437, "RMSE": 3.4049511588638737, "R-squared": 0.8602392333111507, "_timestamp": 1699768805.6239974, "_runtime": 1.8365755081176758, "_step": 0, "_wandb": {"runtime": 0}}