{"loss (MSE) ": 60655.54, "_timestamp": 1698070176.0836608, "_runtime": 7.592609882354736, "_step": 499, "_wandb": {"runtime": 5}}