{"Accuracy": 0.7304347826086957, "_timestamp": 1699815692.1586866, "_runtime": 1.8035426139831543, "_step": 0, "_wandb": {"runtime": 0}}