{"Accuracy": 0.7739130434782608, "_timestamp": 1699814151.75697, "_runtime": 1.7776570320129395, "_step": 0, "_wandb": {"runtime": 0}}