{"MSE": 7.0928165554903835, "RMSE": 2.663234228431736, "R-squared": 0.9144968275792382, "_timestamp": 1699769428.1192567, "_runtime": 1.7673916816711426, "_step": 0, "_wandb": {"runtime": 0}}