{"MSE": 17.72700101499425, "RMSE": 4.2103445245008455, "R-squared": 0.7863028301338495, "_timestamp": 1699768211.4946373, "_runtime": 2.141390323638916, "_step": 0, "_wandb": {"runtime": 0}}