{"Accuracy": 0.808695652173913, "_timestamp": 1699815661.0194345, "_runtime": 1.902686357498169, "_step": 0, "_wandb": {"runtime": 0}}