{"accuracy": 51.74825174825175, "_timestamp": 1699704612.7322223, "_runtime": 3.491868257522583, "_step": 0, "_wandb": {"runtime": 0}}