{"MSE": 7.925795953563528, "RMSE": 2.815279018776563, "R-squared": 0.904455346802288, "_timestamp": 1699768482.3211253, "_runtime": 1.7296142578125, "_step": 0, "_wandb": {"runtime": 0}}