{"MSE": 6.523483251541619, "RMSE": 2.5541110491796593, "R-squared": 0.9213600818692045, "_timestamp": 1699769330.8129761, "_runtime": 1.836463212966919, "_step": 0, "_wandb": {"runtime": 0}}