{"accuracy": 0.3916849015317287, "loss": 10.318072493349048, "_timestamp": 1698070888.8787906, "_runtime": 12.19795560836792, "_step": 699, "_wandb": {"runtime": 10}}