{"MSE": 21.336541386488705, "RMSE": 4.6191494224032965, "R-squared": 0.742790193041228, "_timestamp": 1699821534.6171298, "_runtime": 18.63532781600952, "_step": 0, "_wandb": {"runtime": 16}}