{"accuracy": 0.4201312910284464, "loss": 2.932979940123757, "_timestamp": 1698070081.9212022, "_runtime": 9.295024156570435, "_step": 249, "_wandb": {"runtime": 7}}