{"MSE": 5.455630785713891, "RMSE": 2.3357291764487362, "R-squared": 0.9342329332662883, "_timestamp": 1699769397.3350477, "_runtime": 1.8230836391448975, "_step": 0, "_wandb": {"runtime": 0}}