{"accuracy": 0.38949671772428884, "loss": 12.161231838977585, "_timestamp": 1698071458.8090482, "_runtime": 10.42952013015747, "_step": 499, "_wandb": {"runtime": 8}}