{"Accuracy": 0.7130434782608696, "_timestamp": 1699814847.9024744, "_runtime": 1.887803316116333, "_step": 0, "_wandb": {"runtime": 0}}