{"acc": 0.414, "loss": 0.164, "_timestamp": 1698067840.0162504, "_runtime": 6.7889604568481445, "_step": 99, "_wandb": {"runtime": 4}}