{"MSE": 19.15402788446889, "RMSE": 4.376531490172199, "R-squared": 0.7691001683259249, "_timestamp": 1699768868.6162643, "_runtime": 1.8302192687988281, "_step": 0, "_wandb": {"runtime": 0}}