{"MSE": 13.171416122004358, "RMSE": 3.62924456629811, "R-squared": 0.8412199364110753, "_timestamp": 1699822401.8791249, "_runtime": 1.7862799167633057, "_step": 0, "_wandb": {"runtime": 0}}