{"MSE": 21.4494538178063, "RMSE": 4.631355505443984, "R-squared": 0.7414290453211558, "_timestamp": 1699820992.195389, "_runtime": 26.125499963760376, "_step": 0, "_wandb": {"runtime": 24}}