{"MSE": 20.61361933259117, "RMSE": 4.540222388010434, "R-squared": 0.7515049438792888, "_timestamp": 1699769162.384843, "_runtime": 1.737443208694458, "_step": 0, "_wandb": {"runtime": 0}}