{"MSE": 18.605741087963377, "RMSE": 4.313437270665168, "R-squared": 0.7757097091382201, "_timestamp": 1699821336.5575597, "_runtime": 29.055522680282593, "_step": 0, "_wandb": {"runtime": 27}}