{"acc": 0.105, "loss": 0.243, "_timestamp": 1698067370.4889781, "_runtime": 6.8367390632629395, "_step": 99, "_wandb": {"runtime": 4}}