{"MSE": 12.764200548706814, "RMSE": 3.5727021354580923, "R-squared": 0.8461288781697801, "_timestamp": 1699767871.0996375, "_runtime": 1.8513484001159668, "_step": 0, "_wandb": {"runtime": 0}}