{"accuracy": 0.44091903719912473, "loss": 5.9715019557309885, "_timestamp": 1698070599.1522622, "_runtime": 12.881789207458496, "_step": 799, "_wandb": {"runtime": 10}}