{"acc": 0.421, "loss": 0.229, "_timestamp": 1698065838.5907423, "_runtime": 11.21535038948059, "_step": 499, "_wandb": {"runtime": 9}}