{"Accuracy": 0.7130434782608696, "_timestamp": 1699814204.6466243, "_runtime": 1.7627263069152832, "_step": 0, "_wandb": {"runtime": 0}}