{"Accuracy": 0.6956521739130435, "_timestamp": 1699814445.8972173, "_runtime": 1.8688292503356934, "_step": 0, "_wandb": {"runtime": 0}}