{"MSE": 12.316511428931376, "RMSE": 3.5094887703099116, "R-squared": 0.8515257243591021, "_timestamp": 1699820881.352679, "_runtime": 2.4403669834136963, "_step": 0, "_wandb": {"runtime": 0}}