{"MSE": 18.43737897200798, "RMSE": 4.293876916262037, "R-squared": 0.7777392970906275, "_timestamp": 1699821096.99095, "_runtime": 25.335474014282227, "_step": 0, "_wandb": {"runtime": 23}}