{"MSE": 6.201785279923892, "RMSE": 2.490338386630197, "R-squared": 0.9252381177551527, "_timestamp": 1699768284.8572228, "_runtime": 1.7112987041473389, "_step": 0, "_wandb": {"runtime": 0}}