{"MSE": 11.720943091287783, "RMSE": 3.4235862909072092, "R-squared": 0.8587052392758482, "_timestamp": 1699767578.4797952, "_runtime": 0.9494421482086182, "_step": 0, "_wandb": {"runtime": 0}}