{"accuracy": 0.4059080962800875, "loss": 12.69133328958747, "_timestamp": 1698072302.582218, "_runtime": 7.693888902664185, "_step": 99, "_wandb": {"runtime": 5}}