{"Accuracy": 0.7478260869565218, "_timestamp": 1699814540.0520146, "_runtime": 1.755950689315796, "_step": 0, "_wandb": {"runtime": 0}}