{"acc": 0.568, "loss": 0.234, "_timestamp": 1698067755.9794228, "_runtime": 7.195464849472046, "_step": 99, "_wandb": {"runtime": 5}}