{"MSE": 9.359498775559608, "RMSE": 3.0593297918922713, "R-squared": 0.8871722070749011, "_timestamp": 1699767914.913443, "_runtime": 1.7985332012176514, "_step": 0, "_wandb": {"runtime": 0}}