{"MSE": 12.625137976396044, "RMSE": 3.553187016805623, "R-squared": 0.8478052631438647, "_timestamp": 1699822285.2637386, "_runtime": 1.8293657302856445, "_step": 0, "_wandb": {"runtime": 0}}