{"MSE": 16.224843717020125, "RMSE": 4.028007412731526, "R-squared": 0.8044111815125927, "_timestamp": 1699769312.642854, "_runtime": 1.7676379680633545, "_step": 0, "_wandb": {"runtime": 0}}