{"MSE": 11.586224176900178, "RMSE": 3.4038543119381854, "R-squared": 0.8603292619014306, "_timestamp": 1699821615.2675643, "_runtime": 1.7339792251586914, "_step": 0, "_wandb": {"runtime": 0}}