{"accuracy": 0.32056892778993434, "loss": 12.433569660962378, "_timestamp": 1698072570.2667797, "_runtime": 13.739206552505493, "_step": 849, "_wandb": {"runtime": 11}}