{"MSE": 9.650506697789163, "RMSE": 3.1065264682260736, "R-squared": 0.8836641365706751, "_timestamp": 1699768407.1964097, "_runtime": 1.9200527667999268, "_step": 0, "_wandb": {"runtime": 0}}