{"MSE": 7.626348849754917, "RMSE": 2.761584481734158, "R-squared": 0.9080651507705052, "_timestamp": 1699768837.2252433, "_runtime": 1.800260305404663, "_step": 0, "_wandb": {"runtime": 0}}