{"MSE": 11.314257745947614, "RMSE": 3.363667306073479, "R-squared": 0.8636077891911849, "_timestamp": 1699767395.5302415, "_runtime": 1.9853975772857666, "_step": 0, "_wandb": {"runtime": 0}}