{"MSE": 34.54209194521898, "RMSE": 5.877252074330229, "R-squared": 0.5835986423362856, "_timestamp": 1699768223.5497065, "_runtime": 1.8333194255828857, "_step": 0, "_wandb": {"runtime": 0}}