{"Accuracy": 0.6260869565217392, "_timestamp": 1699757070.5513127, "_runtime": 4.549113750457764, "_step": 0, "_wandb": {"runtime": 2}}