{"MSE": 25.88511834305473, "RMSE": 5.087741968993193, "R-squared": 0.6879575667151858, "_timestamp": 1699822142.8444488, "_runtime": 14.496301889419556, "_step": 0, "_wandb": {"runtime": 12}}