{"acc": 0.484, "loss": 0.169, "_timestamp": 1698068008.9281187, "_runtime": 6.8120176792144775, "_step": 99, "_wandb": {"runtime": 4}}