{"accuracy": 0.5612691466083151, "loss": 1.3509163674168128, "_timestamp": 1698069436.612534, "_runtime": 9.708796977996826, "_step": 299, "_wandb": {"runtime": 7}}