{"Accuracy": 0.7913043478260869, "_timestamp": 1699815486.3733237, "_runtime": 1.946058750152588, "_step": 0, "_wandb": {"runtime": 0}}