{"Accuracy": 0.7478260869565218, "_timestamp": 1699814814.8215292, "_runtime": 2.1392571926116943, "_step": 0, "_wandb": {"runtime": 0}}