{"accuracy": 52.7972027972028, "_timestamp": 1699705918.1093893, "_runtime": 3.9797022342681885, "_step": 0, "_wandb": {"runtime": 0}}