{"accuracy": 54.54545454545454, "_timestamp": 1699703927.4130228, "_runtime": 6.881640672683716, "_step": 0, "_wandb": {"runtime": 4}}