{"accuracy": 54.89510489510489, "_timestamp": 1699705541.372733, "_runtime": 3.196604013442993, "_step": 0, "_wandb": {"runtime": 0}}