{"Accuracy": 0.6869565217391305, "_timestamp": 1699815054.3027513, "_runtime": 1.775522232055664, "_step": 0, "_wandb": {"runtime": 0}}