{"MSE": 14.337895192411985, "RMSE": 3.7865413232146277, "R-squared": 0.8271581514626025, "_timestamp": 1699768463.4253182, "_runtime": 1.680516242980957, "_step": 0, "_wandb": {"runtime": 0}}