{"MSE": 12.674198660792023, "RMSE": 3.5600840805789997, "R-squared": 0.8472138416508412, "_timestamp": 1699821104.485344, "_runtime": 1.730355978012085, "_step": 0, "_wandb": {"runtime": 0}}