{"acc": 0.422, "loss": 0.231, "_timestamp": 1698065542.426008, "_runtime": 10.98350191116333, "_step": 499, "_wandb": {"runtime": 117}}