{"accuracy": 0.4442013129102845, "loss": 2.9261302576402524, "_timestamp": 1698070322.2258835, "_runtime": 13.451965570449829, "_step": 899, "_wandb": {"runtime": 11}}