{"MSE": 35.60847597383602, "RMSE": 5.967283802018806, "R-squared": 0.5707434927984041, "_timestamp": 1699767932.674327, "_runtime": 1.6970758438110352, "_step": 0, "_wandb": {"runtime": 0}}