{"MSE": 11.561645259700018, "RMSE": 3.4002419413477063, "R-squared": 0.8606255582145861, "_timestamp": 1699821111.860544, "_runtime": 1.8307549953460693, "_step": 0, "_wandb": {"runtime": 0}}