{"MSE": 21.232461945638274, "RMSE": 4.607869566908147, "R-squared": 0.7440448599717582, "_timestamp": 1699821366.5405848, "_runtime": 1.7158799171447754, "_step": 0, "_wandb": {"runtime": 0}}