{"MSE": 13.31035795645877, "RMSE": 3.6483363272125513, "R-squared": 0.839545006919403, "_timestamp": 1699767600.1213212, "_runtime": 1.749223232269287, "_step": 0, "_wandb": {"runtime": 0}}