{"Accuracy": 0.7217391304347827, "_timestamp": 1699815072.900969, "_runtime": 1.7598040103912354, "_step": 0, "_wandb": {"runtime": 0}}