{"acc": 0.312, "loss": 0.221, "_timestamp": 1698067311.8578331, "_runtime": 7.0925822257995605, "_step": 99, "_wandb": {"runtime": 5}}