{"MSE": 11.856612858662224, "RMSE": 3.443343267619745, "R-squared": 0.8570697542155272, "_timestamp": 1699768849.0873158, "_runtime": 1.8439288139343262, "_step": 0, "_wandb": {"runtime": 0}}