{"Accuracy": 0.7304347826086957, "_timestamp": 1699815352.3055792, "_runtime": 1.8470492362976074, "_step": 0, "_wandb": {"runtime": 0}}