{"MSE": 18.598963612075682, "RMSE": 4.312651575547888, "R-squared": 0.7757914109113973, "_timestamp": 1699768309.1314914, "_runtime": 1.7681593894958496, "_step": 0, "_wandb": {"runtime": 0}}