{"accuracy": 52.09790209790209, "_timestamp": 1699705207.5998535, "_runtime": 2.738473415374756, "_step": 0, "_wandb": {"runtime": 0}}