{"MSE": 7.408850337970826, "RMSE": 2.7219203401221765, "R-squared": 0.9106870729094527, "_timestamp": 1699768290.8409429, "_runtime": 1.7295899391174316, "_step": 0, "_wandb": {"runtime": 0}}