{"accuracy": 0.3402625820568928, "loss": 12.046287997545495, "_timestamp": 1698072127.6000516, "_runtime": 11.202870607376099, "_step": 549, "_wandb": {"runtime": 9}}