{"accuracy": 0.40043763676148797, "loss": 9.723580252966944, "_timestamp": 1698070758.582138, "_runtime": 9.606155157089233, "_step": 349, "_wandb": {"runtime": 7}}