{"MSE": 19.026541341869514, "RMSE": 4.361942381768644, "R-squared": 0.7706370054551416, "_timestamp": 1699767803.0335014, "_runtime": 1.7749693393707275, "_step": 0, "_wandb": {"runtime": 0}}