{"MSE": 28.498260188889134, "RMSE": 5.338376175288618, "R-squared": 0.6564564111366825, "_timestamp": 1699768266.5531495, "_runtime": 1.8869833946228027, "_step": 0, "_wandb": {"runtime": 0}}