{"MSE": 11.110995400348305, "RMSE": 3.3333159766737244, "R-squared": 0.8660580958142954, "_timestamp": 1699769294.0547876, "_runtime": 1.855095624923706, "_step": 0, "_wandb": {"runtime": 0}}