{"MSE": 12.753961507124263, "RMSE": 3.5712688931420806, "R-squared": 0.8462523087605767, "_timestamp": 1699769200.1966753, "_runtime": 1.7584261894226074, "_step": 0, "_wandb": {"runtime": 0}}