{"acc": 0.028, "loss": 0.263, "_timestamp": 1698067356.122353, "_runtime": 7.050930976867676, "_step": 99, "_wandb": {"runtime": 5}}