{"MSE": 21.232461945638274, "RMSE": 4.607869566908147, "R-squared": 0.7440448599717582, "_timestamp": 1699822196.7643218, "_runtime": 2.8059258460998535, "_step": 0, "_wandb": {"runtime": 0}}