{"MSE": 18.084637141953987, "RMSE": 4.252603572160705, "R-squared": 0.7819915634899008, "_timestamp": 1699769120.3038921, "_runtime": 1.7628631591796875, "_step": 0, "_wandb": {"runtime": 0}}