{"MSE": 13.103118880700757, "RMSE": 3.619823045495561, "R-squared": 0.8420432526146396, "_timestamp": 1699768364.097474, "_runtime": 1.79180908203125, "_step": 0, "_wandb": {"runtime": 0}}