{"Accuracy": 0.7652173913043478, "_timestamp": 1699815421.2297647, "_runtime": 1.8627736568450928, "_step": 0, "_wandb": {"runtime": 0}}