{"MSE": 23.28150607778861, "RMSE": 4.8250913025339335, "R-squared": 0.7193438441822855, "_timestamp": 1699820926.6344457, "_runtime": 10.080008745193481, "_step": 0, "_wandb": {"runtime": 8}}