{"accuracy": 0.34573304157549234, "loss": 12.494836288940064, "_timestamp": 1698072317.5549057, "_runtime": 7.99132776260376, "_step": 149, "_wandb": {"runtime": 6}}