{"MSE": 19.323842082444695, "RMSE": 4.395889225451967, "R-squared": 0.7670530756744478, "_timestamp": 1699769012.574714, "_runtime": 1.8394670486450195, "_step": 0, "_wandb": {"runtime": 0}}