{"accuracy": 0.32056892778993434, "loss": 2.854489087365639, "_timestamp": 1698070147.667892, "_runtime": 10.939663887023926, "_step": 449, "_wandb": {"runtime": 9}}