{"MSE": 6.452510738877531, "RMSE": 2.540179272980065, "R-squared": 0.9222156481932418, "_timestamp": 1699768376.8636441, "_runtime": 1.9117212295532227, "_step": 0, "_wandb": {"runtime": 0}}