{"MSE": 13.383336411438254, "RMSE": 3.658324262751766, "R-squared": 0.8386652591675341, "_timestamp": 1699756316.8420172, "_runtime": 31.855354070663452, "_step": 0, "_wandb": {"runtime": 30}}