{"Accuracy": 0.7739130434782608, "_timestamp": 1699814391.0363202, "_runtime": 1.8691012859344482, "_step": 0, "_wandb": {"runtime": 0}}