{"MSE": 8.258551564914248, "RMSE": 2.8737695740810967, "R-squared": 0.9004440122092239, "_timestamp": 1699769640.2215757, "_runtime": 1.8512678146362305, "_step": 0, "_wandb": {"runtime": 0}}