{"Accuracy": 0.7130434782608696, "_timestamp": 1699814558.6864035, "_runtime": 1.6796386241912842, "_step": 0, "_wandb": {"runtime": 0}}