{"accuracy": 54.54545454545454, "_timestamp": 1699704113.223648, "_runtime": 2.222999095916748, "_step": 0, "_wandb": {"runtime": 0}}