{"accuracy": 0.34463894967177244, "loss": 13.848370860585506, "_timestamp": 1698072677.1087177, "_runtime": 8.848529577255249, "_step": 249, "_wandb": {"runtime": 6}}