{"Accuracy": 0.7478260869565218, "_timestamp": 1699814969.666193, "_runtime": 1.7870819568634033, "_step": 0, "_wandb": {"runtime": 0}}