{"acc": 0.347, "loss": 0.232, "_timestamp": 1698067726.2150455, "_runtime": 6.927908420562744, "_step": 99, "_wandb": {"runtime": 4}}