{"accuracy": 50.6993006993007, "_timestamp": 1699704237.3227565, "_runtime": 3.5349855422973633, "_step": 0, "_wandb": {"runtime": 0}}