{"Accuracy": 0.8, "_timestamp": 1699815433.7260518, "_runtime": 1.8482568264007568, "_step": 0, "_wandb": {"runtime": 0}}