{"acc": 0.148, "loss": 0.293, "_timestamp": 1698067086.868221, "_runtime": 7.088356971740723, "_step": 99, "_wandb": {"runtime": 5}}