{"accuracy": 54.1958041958042, "_timestamp": 1699704351.2943676, "_runtime": 3.1573314666748047, "_step": 0, "_wandb": {"runtime": 0}}