{"MSE": 11.833063725490199, "RMSE": 3.439922052240457, "R-squared": 0.8573536365883779, "_timestamp": 1699821968.0526452, "_runtime": 1.8101041316986084, "_step": 0, "_wandb": {"runtime": 0}}