{"Accuracy": 0.7652173913043478, "_timestamp": 1699815173.7870884, "_runtime": 2.140453338623047, "_step": 0, "_wandb": {"runtime": 0}}