{"accuracy": 0.29978118161925604, "loss": 5.403013529167231, "_timestamp": 1698070643.2659807, "_runtime": 15.012176752090454, "_step": 899, "_wandb": {"runtime": 11}}