{"accuracy": 0.4803063457330416, "loss": 3.112527640050021, "_timestamp": 1698070130.5112267, "_runtime": 10.349886655807495, "_step": 399, "_wandb": {"runtime": 8}}