{"acc": 0.391, "loss": 0.286, "_timestamp": 1698067341.2314017, "_runtime": 6.9642157554626465, "_step": 99, "_wandb": {"runtime": 4}}