{"accuracy": 0.3993435448577681, "loss": 10.825086849918943, "_timestamp": 1698071005.7041643, "_runtime": 7.578966379165649, "_step": 99, "_wandb": {"runtime": 5}}