{"MSE": 15.753555189571747, "RMSE": 3.9690748531076796, "R-squared": 0.8100925161286915, "_timestamp": 1699822224.3867595, "_runtime": 14.939764499664307, "_step": 0, "_wandb": {"runtime": 13}}