{"Accuracy": 0.7565217391304347, "_timestamp": 1699814802.596829, "_runtime": 1.7651870250701904, "_step": 0, "_wandb": {"runtime": 0}}