{"Accuracy": 0.7391304347826086, "_timestamp": 1699814834.6894982, "_runtime": 1.909123182296753, "_step": 0, "_wandb": {"runtime": 0}}