{"accuracy": 53.4965034965035, "_timestamp": 1699703679.1011608, "_runtime": 7.948811769485474, "_step": 0, "_wandb": {"runtime": 5}}