{"Accuracy": 0.7565217391304347, "_timestamp": 1699815327.864961, "_runtime": 1.8178329467773438, "_step": 0, "_wandb": {"runtime": 0}}