{"MSE": 28.347976060592526, "RMSE": 5.324281741286098, "R-squared": 0.6582680708114139, "_timestamp": 1699768217.4394763, "_runtime": 1.7894251346588135, "_step": 0, "_wandb": {"runtime": 0}}