{"MSE": 6.650579333760789, "RMSE": 2.5788717171974236, "R-squared": 0.9198279516996208, "_timestamp": 1699768842.979458, "_runtime": 1.7344310283660889, "_step": 0, "_wandb": {"runtime": 0}}