{"accuracy": 50.0, "_timestamp": 1699704918.0272508, "_runtime": 40.72622084617615, "_step": 0, "_wandb": {"runtime": 37}}