{"Accuracy": 0.7913043478260869, "_timestamp": 1699814726.2326183, "_runtime": 1.735065221786499, "_step": 0, "_wandb": {"runtime": 0}}