{"MSE": 20.754591956397782, "RMSE": 4.555720794385646, "R-squared": 0.7498055334313176, "_timestamp": 1699768552.4797873, "_runtime": 1.7671923637390137, "_step": 0, "_wandb": {"runtime": 0}}