{"accuracy": 56.993006993006986, "_timestamp": 1699705366.6146595, "_runtime": 2.708754539489746, "_step": 0, "_wandb": {"runtime": 0}}