{"MSE": 11.632018760099141, "RMSE": 3.410574549852142, "R-squared": 0.8597772129216543, "_timestamp": 1699768083.1207478, "_runtime": 1.7655398845672607, "_step": 0, "_wandb": {"runtime": 0}}