{"acc": 0.166, "loss": 0.256, "_timestamp": 1698067132.7515125, "_runtime": 6.908053636550903, "_step": 99, "_wandb": {"runtime": 4}}