{"loss (MSE) ": NaN, "_timestamp": 1698074642.147733, "_runtime": 6.857836008071899, "_step": 499, "_wandb": {"runtime": 4}}