{"Accuracy": 0.6869565217391305, "_timestamp": 1699815231.7116332, "_runtime": 1.7481412887573242, "_step": 0, "_wandb": {"runtime": 0}}