{"MSE": 20.907626990152753, "RMSE": 4.57248586549513, "R-squared": 0.7479607118748599, "_timestamp": 1699769168.4748342, "_runtime": 1.826080322265625, "_step": 0, "_wandb": {"runtime": 0}}