{"acc": 0.421, "loss": 0.231, "_timestamp": 1698065362.867955, "_runtime": 11.229549884796143, "_step": 499, "_wandb": {"runtime": 9}}