{"accuracy": 0.40700218818380746, "loss": 13.160350480342908, "_timestamp": 1698072781.90415, "_runtime": 11.8663809299469, "_step": 549, "_wandb": {"runtime": 9}}