{"MSE": 34.907108898784365, "RMSE": 5.908223836212061, "R-squared": 0.5791984005884507, "_timestamp": 1699768320.9175699, "_runtime": 1.8028907775878906, "_step": 0, "_wandb": {"runtime": 0}}