{"accuracy": 54.1958041958042, "_timestamp": 1699704491.198408, "_runtime": 2.843120813369751, "_step": 0, "_wandb": {"runtime": 0}}