{"accuracy": 55.59440559440559, "_timestamp": 1699704058.1169536, "_runtime": 10.806963682174683, "_step": 0, "_wandb": {"runtime": 9}}