{"Accuracy": 0.7304347826086957, "_timestamp": 1699814106.2718856, "_runtime": 1.9059927463531494, "_step": 0, "_wandb": {"runtime": 0}}