{"MSE": 21.35551581458286, "RMSE": 4.621202853649995, "R-squared": 0.7425614582665123, "_timestamp": 1699768856.503584, "_runtime": 3.2775938510894775, "_step": 0, "_wandb": {"runtime": 0}}