{"MSE": 21.53949406363622, "RMSE": 4.641066048187229, "R-squared": 0.740343619439382, "_timestamp": 1699769070.8432245, "_runtime": 1.868565559387207, "_step": 0, "_wandb": {"runtime": 0}}