{"Accuracy": 0.7130434782608696, "_timestamp": 1699814656.1240492, "_runtime": 1.7876131534576416, "_step": 0, "_wandb": {"runtime": 0}}