{"accuracy": 52.44755244755245, "_timestamp": 1699703782.5635219, "_runtime": 2.6049368381500244, "_step": 0, "_wandb": {"runtime": 0}}