{"MSE": 24.48585524882455, "RMSE": 4.948318426377242, "R-squared": 0.7048255390745387, "_timestamp": 1699768565.1624029, "_runtime": 1.7472198009490967, "_step": 0, "_wandb": {"runtime": 0}}