{"accuracy": 51.048951048951054, "_timestamp": 1699704125.230754, "_runtime": 4.2946457862854, "_step": 0, "_wandb": {"runtime": 0}}