{"Accuracy": 0.8, "_timestamp": 1699815654.546479, "_runtime": 2.1472830772399902, "_step": 0, "_wandb": {"runtime": 0}}