{"accuracy": 0.40700218818380746, "loss": 11.569910918712232, "_timestamp": 1698072166.5870953, "_runtime": 12.666176319122314, "_step": 649, "_wandb": {"runtime": 10}}