{"MSE": 12.901878813714976, "RMSE": 3.5919185421881403, "R-squared": 0.8444691808775286, "_timestamp": 1699768500.9795406, "_runtime": 1.7433626651763916, "_step": 0, "_wandb": {"runtime": 0}}