{"accuracy": 0.3730853391684901, "loss": 12.25898395785397, "_timestamp": 1698071407.6015697, "_runtime": 9.326791763305664, "_step": 349, "_wandb": {"runtime": 7}}