{"Accuracy": 0.7739130434782608, "_timestamp": 1699815023.328217, "_runtime": 1.7473540306091309, "_step": 0, "_wandb": {"runtime": 0}}