{"acc": 0.363, "loss": 0.229, "_timestamp": 1698067057.2312727, "_runtime": 6.85218358039856, "_step": 99, "_wandb": {"runtime": 4}}