{"accuracy": 0.3938730853391685, "loss": 5.526838359221178, "_timestamp": 1698070581.1559541, "_runtime": 12.602285146713257, "_step": 749, "_wandb": {"runtime": 10}}