{"MSE": 15.374385185441678, "RMSE": 3.9210183862667205, "R-squared": 0.8146633714421309, "_timestamp": 1699767815.0333104, "_runtime": 1.9121794700622559, "_step": 0, "_wandb": {"runtime": 0}}