{"MSE": 10.259034440301493, "RMSE": 3.2029727504775143, "R-squared": 0.8763283973641434, "_timestamp": 1699768205.1679065, "_runtime": 1.6696064472198486, "_step": 0, "_wandb": {"runtime": 0}}