{"accuracy": 0.3490153172866521, "loss": 11.463266170560901, "_timestamp": 1698071424.8709433, "_runtime": 9.809811353683472, "_step": 399, "_wandb": {"runtime": 7}}