{"MSE": 7.193090607850347, "RMSE": 2.6819937747598046, "R-squared": 0.9132880342146861, "_timestamp": 1699767987.1089036, "_runtime": 1.7830586433410645, "_step": 0, "_wandb": {"runtime": 0}}