{"Accuracy": 0.7130434782608696, "_timestamp": 1699815237.8870685, "_runtime": 1.8356153964996338, "_step": 0, "_wandb": {"runtime": 0}}