{"MSE": 9.19457701242237, "RMSE": 3.0322560928164313, "R-squared": 0.8891603219287307, "_timestamp": 1699768701.547586, "_runtime": 1.783092975616455, "_step": 0, "_wandb": {"runtime": 0}}