{"MSE": 10.767660484755309, "RMSE": 3.2814113556144267, "R-squared": 0.8701969628294435, "_timestamp": 1699768799.5802476, "_runtime": 1.7099907398223877, "_step": 0, "_wandb": {"runtime": 0}}