{"Accuracy": 0.6608695652173913, "_timestamp": 1699814253.856637, "_runtime": 2.101051092147827, "_step": 0, "_wandb": {"runtime": 0}}