{"MSE": 10.173705662613918, "RMSE": 3.18962468993045, "R-squared": 0.8773570269831381, "_timestamp": 1699767938.7155535, "_runtime": 1.785386562347412, "_step": 0, "_wandb": {"runtime": 0}}