{"MSE": 33.323856331613435, "RMSE": 5.77268190112823, "R-squared": 0.5982843470777394, "_timestamp": 1699822040.0964775, "_runtime": 9.882332563400269, "_step": 0, "_wandb": {"runtime": 8}}