{"accuracy": 0.3238512035010941, "loss": 11.083938523764363, "_timestamp": 1698071611.9997978, "_runtime": 13.307545900344849, "_step": 899, "_wandb": {"runtime": 11}}