{"MSE": 5.048483798600009, "RMSE": 2.246883129715475, "R-squared": 0.9391410482256192, "_timestamp": 1699768278.8073552, "_runtime": 1.76871919631958, "_step": 0, "_wandb": {"runtime": 0}}