{"accuracy": 0.4485776805251641, "loss": 9.81524115004744, "_timestamp": 1698071035.812688, "_runtime": 8.298222064971924, "_step": 199, "_wandb": {"runtime": 6}}