{"Accuracy": 0.7565217391304347, "_timestamp": 1699815219.8333437, "_runtime": 1.8888838291168213, "_step": 0, "_wandb": {"runtime": 0}}