{"accuracy": 0.4234135667396061, "loss": 2.7989244556284083, "_timestamp": 1698070301.2220488, "_runtime": 13.249050855636597, "_step": 849, "_wandb": {"runtime": 11}}