{"MSE": 5.573910877308681, "RMSE": 2.360913144804078, "R-squared": 0.9328070789548943, "_timestamp": 1699769373.639495, "_runtime": 1.800745964050293, "_step": 0, "_wandb": {"runtime": 0}}