{"accuracy": 0.006564551422319475, "loss": NaN, "_timestamp": 1698072747.2753327, "_runtime": 10.668973684310913, "_step": 449, "_wandb": {"runtime": 8}}