{"MSE": 10.191361316343038, "RMSE": 3.1923911596706063, "R-squared": 0.8771441898974484, "_timestamp": 1699769453.3836014, "_runtime": 1.7919464111328125, "_step": 0, "_wandb": {"runtime": 0}}