{"Accuracy": 0.782608695652174, "_timestamp": 1699814452.5354078, "_runtime": 1.87062668800354, "_step": 0, "_wandb": {"runtime": 0}}