{"acc": 0.518, "loss": 0.185, "_timestamp": 1698067444.7571816, "_runtime": 6.658031702041626, "_step": 99, "_wandb": {"runtime": 4}}