{"MSE": 10.452364355701558, "RMSE": 3.233011654123993, "R-squared": 0.8739978251632103, "_timestamp": 1699768862.4636576, "_runtime": 1.7852706909179688, "_step": 0, "_wandb": {"runtime": 0}}