{"accuracy": 54.1958041958042, "_timestamp": 1699706013.4694219, "_runtime": 44.418577909469604, "_step": 0, "_wandb": {"runtime": 42}}