{"accuracy": 0.43435448577680524, "loss": 8.90154078413362, "_timestamp": 1698070928.004084, "_runtime": 12.808068037033081, "_step": 799, "_wandb": {"runtime": 10}}