{"MSE": 7.923164397044634, "RMSE": 2.814811609512195, "R-squared": 0.904487069944852, "_timestamp": 1699768577.8189998, "_runtime": 1.8110718727111816, "_step": 0, "_wandb": {"runtime": 0}}