{"accuracy": 55.94405594405595, "_timestamp": 1699706056.0767524, "_runtime": 2.8067164421081543, "_step": 0, "_wandb": {"runtime": 0}}