{"accuracy": 0.3949671772428884, "loss": 11.411749620395593, "_timestamp": 1698071824.0005798, "_runtime": 12.124589920043945, "_step": 599, "_wandb": {"runtime": 10}}