{"loss (MSE) ": 1189.0, "_timestamp": 1698072758.1729476, "_runtime": 7.8868327140808105, "_step": 499, "_wandb": {"runtime": 5}}