{"accuracy": 0.5568927789934355, "loss": 1.4523743067862414, "_timestamp": 1698069543.9619858, "_runtime": 11.471168756484985, "_step": 599, "_wandb": {"runtime": 9}}