{"accuracy": 54.89510489510489, "_timestamp": 1699705012.1205535, "_runtime": 8.275057554244995, "_step": 0, "_wandb": {"runtime": 0}}