{"accuracy": 0.45295404814004375, "loss": 11.949518631169882, "_timestamp": 1698071979.4722207, "_runtime": 7.650968551635742, "_step": 99, "_wandb": {"runtime": 5}}