{"accuracy": 52.09790209790209, "_timestamp": 1699704776.9572818, "_runtime": 40.67775893211365, "_step": 0, "_wandb": {"runtime": 38}}