{"MSE": 14.37126377733372, "RMSE": 3.790944971551779, "R-squared": 0.8267558966111371, "_timestamp": 1699768101.6740646, "_runtime": 1.7248237133026123, "_step": 0, "_wandb": {"runtime": 0}}