{"Accuracy": 0.7304347826086957, "_timestamp": 1699814235.1742423, "_runtime": 1.7970521450042725, "_step": 0, "_wandb": {"runtime": 0}}