{"MSE": 42.48564769319293, "RMSE": 6.518101540570915, "R-squared": 0.487839896647706, "_timestamp": 1699767884.829334, "_runtime": 2.074647903442383, "_step": 0, "_wandb": {"runtime": 0}}