{"MSE": 26.04268944537993, "RMSE": 5.1032038412530545, "R-squared": 0.68605806331971, "_timestamp": 1699767726.3874664, "_runtime": 1.7436344623565674, "_step": 0, "_wandb": {"runtime": 0}}