{"acc": 0.416, "loss": 0.269, "_timestamp": 1698067681.1399586, "_runtime": 7.014591693878174, "_step": 99, "_wandb": {"runtime": 4}}