{"accuracy": 0.32713347921225383, "loss": 12.71481971974989, "_timestamp": 1698072800.157747, "_runtime": 11.35845398902893, "_step": 599, "_wandb": {"runtime": 9}}