{"accuracy": 0.5153172866520788, "loss": 1.5410232224146676, "_timestamp": 1698069956.6007473, "_runtime": 13.800034284591675, "_step": 799, "_wandb": {"runtime": 11}}