{"MSE": 10.490808370643206, "RMSE": 3.23895173947424, "R-squared": 0.8735343865260504, "_timestamp": 1699768005.4174187, "_runtime": 1.7954397201538086, "_step": 0, "_wandb": {"runtime": 0}}