{"MSE": 25.84158818843658, "RMSE": 5.083462224550959, "R-squared": 0.6884823182418466, "_timestamp": 1699769018.6568866, "_runtime": 1.7596895694732666, "_step": 0, "_wandb": {"runtime": 0}}