{"acc": 0.417, "loss": 0.278, "_timestamp": 1698067697.1149979, "_runtime": 8.161517858505249, "_step": 99, "_wandb": {"runtime": 6}}