{"accuracy": 54.1958041958042, "_timestamp": 1699704342.633021, "_runtime": 20.167189121246338, "_step": 0, "_wandb": {"runtime": 17}}