{"acc": 0.562, "loss": 0.173, "_timestamp": 1698067994.0338523, "_runtime": 6.580474376678467, "_step": 99, "_wandb": {"runtime": 4}}