{"accuracy": 51.74825174825175, "_timestamp": 1699705065.550533, "_runtime": 13.712146043777466, "_step": 0, "_wandb": {"runtime": 11}}