{"Accuracy": 0.782608695652174, "_timestamp": 1699814770.0943072, "_runtime": 1.8818082809448242, "_step": 0, "_wandb": {"runtime": 0}}