{"accuracy": 0.324945295404814, "loss": 9.120696321651916, "_timestamp": 1698070813.1958761, "_runtime": 10.550339221954346, "_step": 499, "_wandb": {"runtime": 8}}