{"MSE": 21.78241752967577, "RMSE": 4.667163756466637, "R-squared": 0.73741520209779, "_timestamp": 1699768665.2644675, "_runtime": 1.8385624885559082, "_step": 0, "_wandb": {"runtime": 0}}