{"Accuracy": 0.7043478260869566, "_timestamp": 1699814259.9266264, "_runtime": 1.683699369430542, "_step": 0, "_wandb": {"runtime": 0}}