{"MSE": 7.816948022647362, "RMSE": 2.795880545131956, "R-squared": 0.9057674973890057, "_timestamp": 1699769582.943874, "_runtime": 1.781341791152954, "_step": 0, "_wandb": {"runtime": 0}}