{"MSE": 16.649116189894954, "RMSE": 4.080332852831366, "R-squared": 0.7992966205877767, "_timestamp": 1699768657.8069499, "_runtime": 2.256915807723999, "_step": 0, "_wandb": {"runtime": 0}}