{"accuracy": 0.487964989059081, "loss": 1.6218651456804163, "_timestamp": 1698069747.6330543, "_runtime": 8.911545276641846, "_step": 249, "_wandb": {"runtime": 6}}