{"Accuracy": 0.7478260869565218, "_timestamp": 1699815440.3639643, "_runtime": 2.005937337875366, "_step": 0, "_wandb": {"runtime": 0}}