{"Accuracy": 0.7739130434782608, "_timestamp": 1699815180.2895281, "_runtime": 1.7862920761108398, "_step": 0, "_wandb": {"runtime": 0}}