{"MSE": 22.9307258789466, "RMSE": 4.788603750462822, "R-squared": 0.7235724633195112, "_timestamp": 1699768059.3034706, "_runtime": 1.7794435024261475, "_step": 0, "_wandb": {"runtime": 0}}