{"MSE": 19.148149243745237, "RMSE": 4.375859829078765, "R-squared": 0.7691710347338548, "_timestamp": 1699769318.7561839, "_runtime": 1.8724448680877686, "_step": 0, "_wandb": {"runtime": 0}}