{"MSE": 15.938303287053152, "RMSE": 3.9922804619732255, "R-squared": 0.8078653968581201, "_timestamp": 1699768719.5172074, "_runtime": 1.7697412967681885, "_step": 0, "_wandb": {"runtime": 0}}