{"MSE": 18.724705882352943, "RMSE": 4.327205320105916, "R-squared": 0.7742756008052171, "_timestamp": 1699756177.2364762, "_runtime": 33.87672019004822, "_step": 0, "_wandb": {"runtime": 32}}