{"MSE": 8.396636604377084, "RMSE": 2.897695050273076, "R-squared": 0.8987794112928532, "_timestamp": 1699769528.306148, "_runtime": 2.328994035720825, "_step": 0, "_wandb": {"runtime": 0}}