{"Accuracy": 0.7391304347826086, "_timestamp": 1699814669.82607, "_runtime": 1.8036751747131348, "_step": 0, "_wandb": {"runtime": 0}}