{"acc": 0.417, "loss": 0.245, "_timestamp": 1698068039.457188, "_runtime": 6.908265829086304, "_step": 99, "_wandb": {"runtime": 4}}