{"accuracy": 0.4442013129102845, "loss": 10.656973273288687, "_timestamp": 1698071083.0649798, "_runtime": 9.462294816970825, "_step": 349, "_wandb": {"runtime": 7}}