{"accuracy": 55.24475524475524, "_timestamp": 1699704435.6097865, "_runtime": 11.044877529144287, "_step": 0, "_wandb": {"runtime": 8}}