{"MSE": 7.951251692046437, "RMSE": 2.819796391948617, "R-squared": 0.9041484804989551, "_timestamp": 1699768823.9553869, "_runtime": 1.7255029678344727, "_step": 0, "_wandb": {"runtime": 0}}