{"MSE": 17.07150157316476, "RMSE": 4.131767366777171, "R-squared": 0.7942048083336205, "_timestamp": 1699767796.4743211, "_runtime": 1.8055992126464844, "_step": 0, "_wandb": {"runtime": 0}}