{"acc": 0.54, "loss": 0.186, "_timestamp": 1698067636.738009, "_runtime": 6.972951889038086, "_step": 99, "_wandb": {"runtime": 4}}