{"accuracy": 49.65034965034965, "_timestamp": 1699705031.0051699, "_runtime": 2.786519765853882, "_step": 0, "_wandb": {"runtime": 0}}