{"MSE": 9.371277547865951, "RMSE": 3.061254244238128, "R-squared": 0.8870302151889508, "_timestamp": 1699768874.430223, "_runtime": 1.8027169704437256, "_step": 0, "_wandb": {"runtime": 0}}