{"Accuracy": 0.7652173913043478, "_timestamp": 1699814720.4257202, "_runtime": 1.8330543041229248, "_step": 0, "_wandb": {"runtime": 0}}