{"acc": 0.421, "loss": 0.23, "_timestamp": 1698066511.4211226, "_runtime": 10.974162578582764, "_step": 499, "_wandb": {"runtime": 9}}