{"MSE": 8.692544157024926, "RMSE": 2.948312086096878, "R-squared": 0.8952122762490081, "_timestamp": 1699767328.0894308, "_runtime": 1.8204638957977295, "_step": 0, "_wandb": {"runtime": 0}}