{"MSE": 23.96400519344742, "RMSE": 4.89530440253182, "R-squared": 0.7111163876977356, "_timestamp": 1699768029.2226536, "_runtime": 1.7883296012878418, "_step": 0, "_wandb": {"runtime": 0}}