{"MSE": 7.289274656170487, "RMSE": 2.699865673727211, "R-squared": 0.9121285454272201, "_timestamp": 1699768689.811556, "_runtime": 1.8105552196502686, "_step": 0, "_wandb": {"runtime": 0}}