{"Accuracy": 0.6434782608695652, "_timestamp": 1699814861.9330812, "_runtime": 3.246204137802124, "_step": 0, "_wandb": {"runtime": 0}}