{"MSE": 11.079691408357489, "RMSE": 3.3286170414088625, "R-squared": 0.8664354622108049, "_timestamp": 1699767586.3312762, "_runtime": 1.70855712890625, "_step": 0, "_wandb": {"runtime": 0}}