{"Accuracy": 0.6782608695652174, "_timestamp": 1699814266.0309634, "_runtime": 1.8164315223693848, "_step": 0, "_wandb": {"runtime": 0}}