{"MSE": 11.26675944839843, "RMSE": 3.356599387534716, "R-squared": 0.8641803762718272, "_timestamp": 1699756343.89083, "_runtime": 23.004114151000977, "_step": 0, "_wandb": {"runtime": 21}}