{"accuracy": 55.24475524475524, "_timestamp": 1699704315.485218, "_runtime": 18.92937397956848, "_step": 0, "_wandb": {"runtime": 16}}