{"MSE": 11.803036248919172, "RMSE": 3.4355547221546585, "R-squared": 0.8577156147230902, "_timestamp": 1699768506.862515, "_runtime": 1.7715818881988525, "_step": 0, "_wandb": {"runtime": 0}}