{"accuracy": 55.24475524475524, "_timestamp": 1699703744.2696545, "_runtime": 2.8372275829315186, "_step": 0, "_wandb": {"runtime": 0}}