{"acc": 0.422, "loss": 0.23, "_timestamp": 1698065802.6008413, "_runtime": 10.944193363189697, "_step": 499, "_wandb": {"runtime": 8}}