{"Accuracy": 0.7304347826086957, "_timestamp": 1699815301.605592, "_runtime": 1.8371970653533936, "_step": 0, "_wandb": {"runtime": 0}}