{"Accuracy": 0.782608695652174, "_timestamp": 1699815257.109319, "_runtime": 1.908493995666504, "_step": 0, "_wandb": {"runtime": 0}}