{"Accuracy": 0.7652173913043478, "_timestamp": 1699814347.1195598, "_runtime": 1.8078217506408691, "_step": 0, "_wandb": {"runtime": 0}}