{"MSE": 7.755301970987568, "RMSE": 2.784834280704611, "R-squared": 0.906510634187045, "_timestamp": 1699768781.793333, "_runtime": 1.6941330432891846, "_step": 0, "_wandb": {"runtime": 0}}