{"accuracy": 52.44755244755245, "_timestamp": 1699704662.4577088, "_runtime": 2.8702287673950195, "_step": 0, "_wandb": {"runtime": 0}}