{"Accuracy": 0.7043478260869566, "_timestamp": 1699814439.248408, "_runtime": 1.7885379791259766, "_step": 0, "_wandb": {"runtime": 0}}