{"MSE": 12.509885636131731, "RMSE": 3.5369316697006927, "R-squared": 0.8491946182250825, "_timestamp": 1699820617.7868547, "_runtime": 1.8893027305603027, "_step": 0, "_wandb": {"runtime": 0}}