{"Accuracy": 0.782608695652174, "_timestamp": 1699814534.0227973, "_runtime": 1.7746772766113281, "_step": 0, "_wandb": {"runtime": 0}}