{"MSE": 12.036973352432383, "RMSE": 3.469434154503063, "R-squared": 0.8548955270554034, "_timestamp": 1699821608.1550696, "_runtime": 1.8185784816741943, "_step": 0, "_wandb": {"runtime": 0}}