{"acc": 0.422, "loss": 0.23, "_timestamp": 1698065710.4320517, "_runtime": 11.223700761795044, "_step": 499, "_wandb": {"runtime": 9}}