{"Accuracy": 0.8173913043478261, "_timestamp": 1699815589.4843874, "_runtime": 1.873178482055664, "_step": 0, "_wandb": {"runtime": 0}}