{"MSE": 23.879645674197928, "RMSE": 4.886680435039509, "R-squared": 0.7121333330061742, "_timestamp": 1699822341.781713, "_runtime": 14.80729603767395, "_step": 0, "_wandb": {"runtime": 13}}