{"MSE": 24.550957194244948, "RMSE": 4.954892248499956, "R-squared": 0.7040407418334627, "_timestamp": 1699767719.8634677, "_runtime": 1.7702667713165283, "_step": 0, "_wandb": {"runtime": 0}}