{"MSE": 9.615089106879179, "RMSE": 3.1008207150493527, "R-squared": 0.8840910919781092, "_timestamp": 1699768169.4891398, "_runtime": 1.771533727645874, "_step": 0, "_wandb": {"runtime": 0}}