{"acc": 0.422, "loss": 0.23, "_timestamp": 1698066347.7508683, "_runtime": 11.331239223480225, "_step": 499, "_wandb": {"runtime": 9}}