{"acc": 0.417, "loss": 0.282, "_timestamp": 1698067147.6686215, "_runtime": 7.152567625045776, "_step": 99, "_wandb": {"runtime": 5}}