{"MSE": 11.81027777777778, "RMSE": 3.4366084702476334, "R-squared": 0.8576283188391852, "_timestamp": 1699820759.4902334, "_runtime": 1.9249744415283203, "_step": 0, "_wandb": {"runtime": 0}}