{"MSE": 6.137593154495266, "RMSE": 2.4774166291714574, "R-squared": 0.9260119472100158, "_timestamp": 1699769225.9181864, "_runtime": 1.8272514343261719, "_step": 0, "_wandb": {"runtime": 0}}