{"MSE": 6.355827098893974, "RMSE": 2.5210765753729047, "R-squared": 0.9233811595067103, "_timestamp": 1699768683.110369, "_runtime": 1.853402853012085, "_step": 0, "_wandb": {"runtime": 0}}