{"MSE": 24.21413356512261, "RMSE": 4.920785868651735, "R-squared": 0.7081011159614162, "_timestamp": 1699822157.9796088, "_runtime": 10.05094575881958, "_step": 0, "_wandb": {"runtime": 8}}