{"MSE": 11.44697722762083, "RMSE": 3.3833381781342564, "R-squared": 0.862007869520865, "_timestamp": 1699822069.8140724, "_runtime": 1.8478264808654785, "_step": 0, "_wandb": {"runtime": 0}}