{"accuracy": 51.048951048951054, "_timestamp": 1699703792.183433, "_runtime": 2.540684938430786, "_step": 0, "_wandb": {"runtime": 0}}