{"accuracy": 54.54545454545454, "_timestamp": 1699705533.609353, "_runtime": 55.83232808113098, "_step": 0, "_wandb": {"runtime": 53}}