{"accuracy": 0.4113785557986871, "loss": 10.214923379255357, "_timestamp": 1698071189.4971938, "_runtime": 11.663485765457153, "_step": 649, "_wandb": {"runtime": 9}}