{"accuracy": 0.38074398249452956, "loss": 10.351501188807058, "_timestamp": 1698070831.19227, "_runtime": 10.837054014205933, "_step": 549, "_wandb": {"runtime": 8}}