{"loss (MSE) ": 6496.833, "_timestamp": 1698070102.4442952, "_runtime": 7.1945531368255615, "_step": 499, "_wandb": {"runtime": 5}}