{"MSE": 14.811371448961209, "RMSE": 3.848554462257382, "R-squared": 0.8214504439977129, "_timestamp": 1699767592.2939532, "_runtime": 1.7955822944641113, "_step": 0, "_wandb": {"runtime": 0}}