{"accuracy": 52.7972027972028, "_timestamp": 1699704482.119467, "_runtime": 3.1567671298980713, "_step": 0, "_wandb": {"runtime": 0}}