{"Accuracy": 0.7391304347826086, "_timestamp": 1699814360.6606128, "_runtime": 1.8153178691864014, "_step": 0, "_wandb": {"runtime": 0}}