{"acc": 0.478, "loss": 0.232, "_timestamp": 1698066493.7921038, "_runtime": 9.307752847671509, "_step": 499, "_wandb": {"runtime": 8}}