{"Accuracy": 0.7391304347826086, "_timestamp": 1699814340.5811617, "_runtime": 1.8487777709960938, "_step": 0, "_wandb": {"runtime": 0}}