{"MSE": 9.167227960219288, "RMSE": 3.027743047258021, "R-squared": 0.8894900119337901, "_timestamp": 1699768230.1000054, "_runtime": 1.8512654304504395, "_step": 0, "_wandb": {"runtime": 0}}