{"accuracy": 52.44755244755245, "_timestamp": 1699703976.6309054, "_runtime": 2.846231460571289, "_step": 0, "_wandb": {"runtime": 0}}