{"loss (MSE) ": 928.699, "_timestamp": 1698072773.4471962, "_runtime": 8.488612174987793, "_step": 499, "_wandb": {"runtime": 6}}