{"MSE": 8.873909790173087, "RMSE": 2.9789108395809847, "R-squared": 0.8930259322372962, "_timestamp": 1699768991.8367972, "_runtime": 1.8682961463928223, "_step": 0, "_wandb": {"runtime": 0}}