{"MSE": 18.49944791747815, "RMSE": 4.3010984547529425, "R-squared": 0.7769910623512979, "_timestamp": 1699820692.2876992, "_runtime": 25.928457260131836, "_step": 0, "_wandb": {"runtime": 24}}