{"accuracy": 49.65034965034965, "_timestamp": 1699704194.0340025, "_runtime": 5.301964521408081, "_step": 0, "_wandb": {"runtime": 3}}