{"Accuracy": 0.7565217391304347, "_timestamp": 1699815409.3860157, "_runtime": 1.787968635559082, "_step": 0, "_wandb": {"runtime": 0}}