{"acc": 0.456, "loss": 0.155, "_timestamp": 1698067666.3107746, "_runtime": 6.935012578964233, "_step": 99, "_wandb": {"runtime": 4}}