{"accuracy": 0.4212253829321663, "loss": 13.015922937013393, "_timestamp": 1698072379.8255563, "_runtime": 9.433624267578125, "_step": 349, "_wandb": {"runtime": 7}}