{"MSE": 1404.7850242611987, "RMSE": 37.480461900318126, "R-squared": -15.93453865665428, "_timestamp": 1699756395.3406732, "_runtime": 9.723602294921875, "_step": 0, "_wandb": {"runtime": 8}}