{"MSE": 26.733616824313952, "RMSE": 5.1704561524409, "R-squared": 0.6777290049901963, "_timestamp": 1699767655.2094252, "_runtime": 1.7331891059875488, "_step": 0, "_wandb": {"runtime": 0}}