{"MSE": 8.14812654183625, "RMSE": 2.854492343979267, "R-squared": 0.9017751744793796, "_timestamp": 1699768431.696531, "_runtime": 1.7688181400299072, "_step": 0, "_wandb": {"runtime": 0}}