{"Accuracy": 0.7478260869565218, "_timestamp": 1699814210.5787904, "_runtime": 1.8032033443450928, "_step": 0, "_wandb": {"runtime": 0}}