{"MSE": 12.023714456299144, "RMSE": 3.4675228126573505, "R-squared": 0.85505536168151, "_timestamp": 1699767944.475913, "_runtime": 1.6862750053405762, "_step": 0, "_wandb": {"runtime": 0}}