{"Accuracy": 0.6695652173913044, "_timestamp": 1699814285.9310448, "_runtime": 1.7441058158874512, "_step": 0, "_wandb": {"runtime": 0}}