{"accuracy": 56.29370629370629, "_timestamp": 1699704365.6084046, "_runtime": 2.6903207302093506, "_step": 0, "_wandb": {"runtime": 0}}