{"MSE": 21.10617597919918, "RMSE": 4.594145837824391, "R-squared": 0.7455672242791229, "_timestamp": 1699768345.6285017, "_runtime": 1.7910006046295166, "_step": 0, "_wandb": {"runtime": 0}}