{"Accuracy": 0.7652173913043478, "_timestamp": 1699814938.6404116, "_runtime": 1.7807765007019043, "_step": 0, "_wandb": {"runtime": 0}}