{"MSE": 11.46903977993214, "RMSE": 3.386597079655645, "R-squared": 0.8617419077270476, "_timestamp": 1699768941.583815, "_runtime": 1.695754051208496, "_step": 0, "_wandb": {"runtime": 0}}