{"MSE": 12.775344200845762, "RMSE": 3.5742613503835674, "R-squared": 0.845994542591977, "_timestamp": 1699822077.0692377, "_runtime": 1.8249177932739258, "_step": 0, "_wandb": {"runtime": 0}}