{"Accuracy": 0.4434782608695652, "_timestamp": 1699756985.7009447, "_runtime": 6.265171766281128, "_step": 0, "_wandb": {"runtime": 4}}