{"Accuracy": 0.6956521739130435, "_timestamp": 1699814899.1204224, "_runtime": 1.8686723709106445, "_step": 0, "_wandb": {"runtime": 0}}