{"MSE": 12.517981634400702, "RMSE": 3.53807597917296, "R-squared": 0.8490970218005176, "_timestamp": 1699768150.5082924, "_runtime": 1.737135410308838, "_step": 0, "_wandb": {"runtime": 0}}