{"loss (MSE) ": 84294.349, "_timestamp": 1698070146.8640177, "_runtime": 7.456274747848511, "_step": 499, "_wandb": {"runtime": 5}}