{"accuracy": 0.5656455142231948, "loss": 1.4837110149972093, "_timestamp": 1698069290.3436341, "_runtime": 13.92848515510559, "_step": 999, "_wandb": {"runtime": 12}}