{"MSE": 15.288817003540982, "RMSE": 3.9100916873573417, "R-squared": 0.815694887054236, "_timestamp": 1699767643.3268483, "_runtime": 1.7176663875579834, "_step": 0, "_wandb": {"runtime": 0}}