{"MSE": 17.293121703835034, "RMSE": 4.158499934331493, "R-squared": 0.7915332005038728, "_timestamp": 1699820866.2709792, "_runtime": 21.865288257598877, "_step": 0, "_wandb": {"runtime": 19}}