{"Accuracy": 0.6608695652173913, "_timestamp": 1699814291.860832, "_runtime": 1.7354340553283691, "_step": 0, "_wandb": {"runtime": 0}}