{"MSE": 8.189020736962961, "RMSE": 2.861646508037455, "R-squared": 0.901282199172663, "_timestamp": 1699768047.5375903, "_runtime": 1.8789381980895996, "_step": 0, "_wandb": {"runtime": 0}}