{"accuracy": 0.3227571115973742, "loss": 12.9130254843007, "_timestamp": 1698072694.201873, "_runtime": 9.246129989624023, "_step": 299, "_wandb": {"runtime": 7}}