{"accuracy": 51.39860139860139, "_timestamp": 1699705254.1865315, "_runtime": 28.957062482833862, "_step": 0, "_wandb": {"runtime": 26}}