{"MSE": 16.710982394082276, "RMSE": 4.087906847529952, "R-squared": 0.7985508298737123, "_timestamp": 1699767962.7767959, "_runtime": 1.7553048133850098, "_step": 0, "_wandb": {"runtime": 0}}