{"accuracy": 51.39860139860139, "_timestamp": 1699705044.9153712, "_runtime": 2.4938912391662598, "_step": 0, "_wandb": {"runtime": 0}}