{"acc": 0.417, "loss": 0.237, "_timestamp": 1698067741.2489102, "_runtime": 7.088346242904663, "_step": 99, "_wandb": {"runtime": 5}}