{"Accuracy": 0.7304347826086957, "_timestamp": 1699814192.8980014, "_runtime": 11.930589437484741, "_step": 0, "_wandb": {"runtime": 0}}