{"MSE": 20.809511234697066, "RMSE": 4.561744319303425, "R-squared": 0.7491434871927168, "_timestamp": 1699767351.7847025, "_runtime": 1.7574045658111572, "_step": 0, "_wandb": {"runtime": 0}}