{"accuracy": 0.5175054704595186, "loss": 1.5810877838957529, "_timestamp": 1698069732.3504875, "_runtime": 8.408254384994507, "_step": 199, "_wandb": {"runtime": 6}}