{"Accuracy": 0.8173913043478261, "_timestamp": 1699815186.4272814, "_runtime": 1.9142093658447266, "_step": 0, "_wandb": {"runtime": 0}}