{"MSE": 17.583433210728263, "RMSE": 4.1932604510962905, "R-squared": 0.788033525214737, "_timestamp": 1699768953.5657513, "_runtime": 1.835259199142456, "_step": 0, "_wandb": {"runtime": 0}}