{"MSE": 22.37698773263324, "RMSE": 4.730432087308013, "R-squared": 0.7302477195917934, "_timestamp": 1699821466.206572, "_runtime": 30.713814973831177, "_step": 0, "_wandb": {"runtime": 29}}