{"accuracy": 0.437636761487965, "loss": 9.591104461002315, "_timestamp": 1698071051.0596015, "_runtime": 8.692707538604736, "_step": 249, "_wandb": {"runtime": 6}}