{"accuracy": 0.40043763676148797, "loss": 11.549206143490087, "_timestamp": 1698072246.5718915, "_runtime": 13.786819458007812, "_step": 849, "_wandb": {"runtime": 11}}