{"accuracy": 0.36542669584245074, "loss": 13.028137653385812, "_timestamp": 1698072431.2597883, "_runtime": 11.0385582447052, "_step": 499, "_wandb": {"runtime": 9}}