{"MSE": 13.528823529411767, "RMSE": 3.6781549082946148, "R-squared": 0.8369114269577528, "_timestamp": 1699821472.9338582, "_runtime": 1.7728750705718994, "_step": 0, "_wandb": {"runtime": 0}}