{"MSE": 20.471105127215562, "RMSE": 4.52450053897837, "R-squared": 0.753222937934162, "_timestamp": 1699768911.5644147, "_runtime": 1.764197826385498, "_step": 0, "_wandb": {"runtime": 0}}