{"MSE": 17.37220010875294, "RMSE": 4.167997133966498, "R-squared": 0.7905799184843032, "_timestamp": 1699769509.097902, "_runtime": 1.8157110214233398, "_step": 0, "_wandb": {"runtime": 0}}