{"Accuracy": 0.782608695652174, "_timestamp": 1699815498.900911, "_runtime": 1.9341490268707275, "_step": 0, "_wandb": {"runtime": 0}}