{"accuracy": 52.09790209790209, "_timestamp": 1699704246.8111186, "_runtime": 2.989750623703003, "_step": 0, "_wandb": {"runtime": 0}}