{"acc": 0.398, "loss": 0.183, "_timestamp": 1698067489.4762106, "_runtime": 6.825809478759766, "_step": 99, "_wandb": {"runtime": 4}}