{"MSE": 40.10836996967741, "RMSE": 6.333116923733321, "R-squared": 0.5164977345454648, "_timestamp": 1699821818.7655733, "_runtime": 5.989149332046509, "_step": 0, "_wandb": {"runtime": 4}}