{"accuracy": 0.3336980306345733, "loss": 11.34219986480439, "_timestamp": 1698072288.8191466, "_runtime": 14.69853663444519, "_step": 949, "_wandb": {"runtime": 12}}