{"Accuracy": 0.6956521739130435, "_timestamp": 1699814247.6621966, "_runtime": 1.71358060836792, "_step": 0, "_wandb": {"runtime": 0}}