{"accuracy": 0.41684901531728663, "loss": 2.8960079676653243, "_timestamp": 1698070185.778192, "_runtime": 11.874041080474854, "_step": 549, "_wandb": {"runtime": 9}}