{"accuracy": 0.38840262582056895, "loss": 11.2112287156412, "_timestamp": 1698071117.0649257, "_runtime": 10.166297674179077, "_step": 449, "_wandb": {"runtime": 8}}