{"MSE": 12.041839688698436, "RMSE": 3.470135399188112, "R-squared": 0.8548368638733573, "_timestamp": 1699767675.437058, "_runtime": 1.7210829257965088, "_step": 0, "_wandb": {"runtime": 0}}