{"Accuracy": 0.7913043478260869, "_timestamp": 1699814993.4678574, "_runtime": 1.7634294033050537, "_step": 0, "_wandb": {"runtime": 0}}