{"MSE": 12.533538230859456, "RMSE": 3.5402737508361493, "R-squared": 0.8489094886338431, "_timestamp": 1699768144.674616, "_runtime": 1.9017460346221924, "_step": 0, "_wandb": {"runtime": 0}}