{"Accuracy": 0.808695652173913, "_timestamp": 1699815549.35281, "_runtime": 1.8518869876861572, "_step": 0, "_wandb": {"runtime": 0}}