{"MSE": 13.238634963335663, "RMSE": 3.6384935018954843, "R-squared": 0.8404096202080114, "_timestamp": 1699768514.7551165, "_runtime": 1.6977834701538086, "_step": 0, "_wandb": {"runtime": 0}}