{"acc": 0.472, "loss": 0.21, "_timestamp": 1698067281.747498, "_runtime": 7.170470952987671, "_step": 99, "_wandb": {"runtime": 5}}