{"MSE": 12.323494513480112, "RMSE": 3.510483515625748, "R-squared": 0.8514415439947112, "_timestamp": 1699822062.3882594, "_runtime": 1.7610135078430176, "_step": 0, "_wandb": {"runtime": 0}}