{"Accuracy": 0.5652173913043478, "_timestamp": 1699757079.4531674, "_runtime": 4.60787034034729, "_step": 0, "_wandb": {"runtime": 2}}