{"MSE": 12.554224622511914, "RMSE": 3.543194127127656, "R-squared": 0.848660116314908, "_timestamp": 1699768388.9174519, "_runtime": 1.7038497924804688, "_step": 0, "_wandb": {"runtime": 0}}