{"acc": 0.126, "loss": 0.298, "_timestamp": 1698067043.1115994, "_runtime": 7.279446363449097, "_step": 99, "_wandb": {"runtime": 5}}