{"acc": 0.323, "loss": 0.244, "_timestamp": 1698067711.8110986, "_runtime": 7.105749607086182, "_step": 99, "_wandb": {"runtime": 5}}