{"acc": 0.417, "loss": 0.235, "_timestamp": 1698067385.571769, "_runtime": 6.887028932571411, "_step": 99, "_wandb": {"runtime": 5}}