{"accuracy": 0.3993435448577681, "loss": 5.073372278800522, "_timestamp": 1698070503.0674274, "_runtime": 10.798525333404541, "_step": 549, "_wandb": {"runtime": 8}}