{"accuracy": 0.4365426695842451, "loss": 10.704163193017868, "_timestamp": 1698071100.286951, "_runtime": 10.001995086669922, "_step": 399, "_wandb": {"runtime": 8}}