{"MSE": 7.630406122691851, "RMSE": 2.7623189755514934, "R-squared": 0.9080162407634902, "_timestamp": 1699769336.7808886, "_runtime": 1.9808125495910645, "_step": 0, "_wandb": {"runtime": 0}}