{"accuracy": 0.44091903719912473, "loss": 10.102924815581838, "_timestamp": 1698070740.3001266, "_runtime": 9.050763607025146, "_step": 299, "_wandb": {"runtime": 6}}