{"accuracy": 0.4562363238512035, "loss": 1.7593188187199733, "_timestamp": 1698069853.922214, "_runtime": 11.459723949432373, "_step": 549, "_wandb": {"runtime": 9}}