{"accuracy": 52.09790209790209, "_timestamp": 1699705738.1172485, "_runtime": 2.28584361076355, "_step": 0, "_wandb": {"runtime": 0}}