{"MSE": 10.288160004713523, "RMSE": 3.2075161737259443, "R-squared": 0.875977291687535, "_timestamp": 1699768533.1578624, "_runtime": 1.8517723083496094, "_step": 0, "_wandb": {"runtime": 0}}