{"MSE": 12.259815377033874, "RMSE": 3.5014019159522194, "R-squared": 0.8522091894202726, "_timestamp": 1699767891.0230153, "_runtime": 1.741772174835205, "_step": 0, "_wandb": {"runtime": 0}}