{"acc": 0.371, "loss": 0.209, "_timestamp": 1698067769.9191253, "_runtime": 6.594940423965454, "_step": 99, "_wandb": {"runtime": 4}}