{"MSE": 44.40478238413733, "RMSE": 6.663691348204637, "R-squared": 0.46470492578039035, "_timestamp": 1699822056.4312654, "_runtime": 9.628303289413452, "_step": 0, "_wandb": {"runtime": 7}}