{"accuracy": 0.4048140043763676, "loss": 11.209402567904249, "_timestamp": 1698071357.5548048, "_runtime": 8.094201803207397, "_step": 199, "_wandb": {"runtime": 6}}