{"MSE": 4.501181992253485, "RMSE": 2.1215989235134627, "R-squared": 0.9457387150830846, "_timestamp": 1699768327.164905, "_runtime": 1.8965661525726318, "_step": 0, "_wandb": {"runtime": 0}}