{"Accuracy": 0.7217391304347827, "_timestamp": 1699814828.5033183, "_runtime": 1.7528324127197266, "_step": 0, "_wandb": {"runtime": 0}}