{"MSE": 6.833158958658396, "RMSE": 2.614031170177279, "R-squared": 0.9176269731425124, "_timestamp": 1699769077.2866797, "_runtime": 1.7269227504730225, "_step": 0, "_wandb": {"runtime": 0}}