{"MSE": 23.10368012121393, "RMSE": 4.806628768816449, "R-squared": 0.7214875177577881, "_timestamp": 1699768769.973388, "_runtime": 1.7418620586395264, "_step": 0, "_wandb": {"runtime": 0}}