{"MSE": 12.210894607843144, "RMSE": 3.494409049874262, "R-squared": 0.8527989242499198, "_timestamp": 1699820744.771862, "_runtime": 1.8434340953826904, "_step": 0, "_wandb": {"runtime": 0}}