{"MSE": 17.559771648324684, "RMSE": 4.190438121285731, "R-squared": 0.7883187629103844, "_timestamp": 1699769268.7053192, "_runtime": 1.9567811489105225, "_step": 0, "_wandb": {"runtime": 0}}