{"accuracy": 0.5754923413566739, "loss": 1.380553695506671, "_timestamp": 1698069563.8348606, "_runtime": 12.2284836769104, "_step": 649, "_wandb": {"runtime": 10}}