{"MSE": 9.109173618356868, "RMSE": 3.0181407552261157, "R-squared": 0.8901898510404697, "_timestamp": 1699768590.0479782, "_runtime": 1.7960710525512695, "_step": 0, "_wandb": {"runtime": 0}}