{"Accuracy": 0.808695652173913, "_timestamp": 1699815295.4903357, "_runtime": 1.8021175861358643, "_step": 0, "_wandb": {"runtime": 0}}