{"MSE": 8.413678702184487, "RMSE": 2.9006341896530987, "R-squared": 0.898573970560552, "_timestamp": 1699768831.259055, "_runtime": 1.7546908855438232, "_step": 0, "_wandb": {"runtime": 0}}