{"accuracy": 54.1958041958042, "_timestamp": 1699705730.007043, "_runtime": 7.198405981063843, "_step": 0, "_wandb": {"runtime": 0}}