{"accuracy": 56.29370629370629, "_timestamp": 1699703834.138754, "_runtime": 9.083030939102173, "_step": 0, "_wandb": {"runtime": 6}}