{"MSE": 17.919903121925177, "RMSE": 4.23319065504085, "R-squared": 0.7839774151199118, "_timestamp": 1699769601.181786, "_runtime": 1.9591939449310303, "_step": 0, "_wandb": {"runtime": 0}}