{"accuracy": 0.4102844638949672, "loss": 12.881067009759251, "_timestamp": 1698072548.731718, "_runtime": 13.063255071640015, "_step": 799, "_wandb": {"runtime": 11}}