{"MSE": 7.908161840889656, "RMSE": 2.8121454160284203, "R-squared": 0.9046679242127772, "_timestamp": 1699767649.2016056, "_runtime": 1.7413506507873535, "_step": 0, "_wandb": {"runtime": 0}}