{"Accuracy": 0.7478260869565218, "_timestamp": 1699815282.896635, "_runtime": 1.883476972579956, "_step": 0, "_wandb": {"runtime": 0}}