{"Accuracy": 0.7130434782608696, "_timestamp": 1699815308.0980864, "_runtime": 1.8157262802124023, "_step": 0, "_wandb": {"runtime": 0}}