{"MSE": 22.181469119027508, "RMSE": 4.7097207049917, "R-squared": 0.732604676323976, "_timestamp": 1699768707.5234323, "_runtime": 1.781644344329834, "_step": 0, "_wandb": {"runtime": 0}}