{"MSE": 8.328912071935248, "RMSE": 2.885985459411611, "R-squared": 0.899595823550126, "_timestamp": 1699769490.152363, "_runtime": 1.7722909450531006, "_step": 0, "_wandb": {"runtime": 0}}