{"accuracy": 0.43326039387308535, "loss": 10.684553525337714, "_timestamp": 1698071170.449167, "_runtime": 11.306883096694946, "_step": 599, "_wandb": {"runtime": 9}}