{"MSE": 8.507582555162788, "RMSE": 2.9167760550242434, "R-squared": 0.8974419692928803, "_timestamp": 1699769620.6098511, "_runtime": 2.5741090774536133, "_step": 0, "_wandb": {"runtime": 0}}