{"loss (MSE) ": 90983.309, "_timestamp": 1698070190.552462, "_runtime": 6.966735124588013, "_step": 499, "_wandb": {"runtime": 5}}