{"accuracy": 51.39860139860139, "_timestamp": 1699705899.1206303, "_runtime": 2.20841121673584, "_step": 0, "_wandb": {"runtime": 0}}