{"MSE": 13.913857023641665, "RMSE": 3.730128285145387, "R-squared": 0.8322698878755918, "_timestamp": 1699767419.9389548, "_runtime": 1.712317943572998, "_step": 0, "_wandb": {"runtime": 0}}