{"acc": 0.511, "loss": 0.187, "_timestamp": 1698067621.7646985, "_runtime": 6.638801574707031, "_step": 99, "_wandb": {"runtime": 4}}