{"accuracy": 0.34463894967177244, "loss": 12.229432231906053, "_timestamp": 1698072362.7762182, "_runtime": 8.983863115310669, "_step": 299, "_wandb": {"runtime": 6}}