{"Accuracy": 0.7304347826086957, "_timestamp": 1699814546.1603541, "_runtime": 1.8101000785827637, "_step": 0, "_wandb": {"runtime": 0}}