{"accuracy": 0.34682713347921224, "loss": 9.361480211580126, "_timestamp": 1698070778.0221794, "_runtime": 9.99897837638855, "_step": 399, "_wandb": {"runtime": 7}}