{"MSE": 17.80872598694076, "RMSE": 4.22003862386836, "R-squared": 0.7853176440215687, "_timestamp": 1699767858.5088263, "_runtime": 1.8676643371582031, "_step": 0, "_wandb": {"runtime": 0}}