{"MSE": 30.74657902402471, "RMSE": 5.5449597856093344, "R-squared": 0.6293531593447499, "_timestamp": 1699756408.37946, "_runtime": 8.955870151519775, "_step": 0, "_wandb": {"runtime": 7}}