{"MSE": 14.565603471270562, "RMSE": 3.816490989281982, "R-squared": 0.8244131516340354, "_timestamp": 1699769403.2134974, "_runtime": 1.8298695087432861, "_step": 0, "_wandb": {"runtime": 0}}