{"Accuracy": 0.808695652173913, "_timestamp": 1699815615.155802, "_runtime": 1.7594759464263916, "_step": 0, "_wandb": {"runtime": 0}}