{"accuracy": 0.3993435448577681, "loss": 10.605374179491616, "_timestamp": 1698071785.5302064, "_runtime": 11.113314390182495, "_step": 499, "_wandb": {"runtime": 9}}