{"MSE": 9.098610614617806, "RMSE": 3.0163903286242326, "R-squared": 0.8903171869616677, "_timestamp": 1699768596.0788713, "_runtime": 1.770794153213501, "_step": 0, "_wandb": {"runtime": 0}}