{"acc": 0.422, "loss": 0.23, "_timestamp": 1698066547.573188, "_runtime": 10.37208604812622, "_step": 499, "_wandb": {"runtime": 8}}