{"MSE": 14.712471524555289, "RMSE": 3.83568397089167, "R-squared": 0.8226426723914296, "_timestamp": 1699767757.4403257, "_runtime": 1.7703437805175781, "_step": 0, "_wandb": {"runtime": 0}}