{"MSE": 11.106353798243404, "RMSE": 3.332619660003734, "R-squared": 0.8661140498491952, "_timestamp": 1699767744.315766, "_runtime": 1.7843379974365234, "_step": 0, "_wandb": {"runtime": 0}}