{"Accuracy": 0.7565217391304347, "_timestamp": 1699815576.9271643, "_runtime": 1.7722933292388916, "_step": 0, "_wandb": {"runtime": 0}}