{"MSE": 21.232461945638278, "RMSE": 4.607869566908147, "R-squared": 0.7440448599717581, "_timestamp": 1699820642.8288653, "_runtime": 1.8222131729125977, "_step": 0, "_wandb": {"runtime": 0}}