{"MSE": 7.578553914415038, "RMSE": 2.7529173460921483, "R-squared": 0.9086413137891358, "_timestamp": 1699769031.4599643, "_runtime": 2.7856082916259766, "_step": 0, "_wandb": {"runtime": 0}}