{"Accuracy": 0.7304347826086957, "_timestamp": 1699814975.659629, "_runtime": 1.7219641208648682, "_step": 0, "_wandb": {"runtime": 0}}