{"MSE": 7.117529214802337, "RMSE": 2.667869789701577, "R-squared": 0.9141989190187115, "_timestamp": 1699768787.8094294, "_runtime": 1.822296380996704, "_step": 0, "_wandb": {"runtime": 0}}