{"Accuracy": 0.7391304347826086, "_timestamp": 1699815029.9272556, "_runtime": 1.7436745166778564, "_step": 0, "_wandb": {"runtime": 0}}