{"Accuracy": 0.6782608695652174, "_timestamp": 1699757061.531977, "_runtime": 7.394850015640259, "_step": 0, "_wandb": {"runtime": 5}}