{"Accuracy": 0.808695652173913, "_timestamp": 1699814868.4656794, "_runtime": 2.35463547706604, "_step": 0, "_wandb": {"runtime": 0}}