{"accuracy": 53.84615384615385, "_timestamp": 1699704374.9204307, "_runtime": 2.9024977684020996, "_step": 0, "_wandb": {"runtime": 0}}