{"MSE": 11.948823529411767, "RMSE": 3.456707035519754, "R-squared": 0.8559581640850833, "_timestamp": 1699821711.0600064, "_runtime": 1.8168604373931885, "_step": 0, "_wandb": {"runtime": 0}}