{"accuracy": 0.3949671772428884, "loss": 5.7002560826683855, "_timestamp": 1698070468.6618755, "_runtime": 10.071887493133545, "_step": 449, "_wandb": {"runtime": 8}}