{"acc": 0.422, "loss": 0.231, "_timestamp": 1698066364.9034307, "_runtime": 11.347455739974976, "_step": 499, "_wandb": {"runtime": 9}}