{"MSE": 11.878946078431374, "RMSE": 3.446584697701679, "R-squared": 0.8568005295534071, "_timestamp": 1699821480.3586864, "_runtime": 1.8501763343811035, "_step": 0, "_wandb": {"runtime": 0}}