{"accuracy": 55.59440559440559, "_timestamp": 1699703706.563827, "_runtime": 21.73438000679016, "_step": 0, "_wandb": {"runtime": 19}}