{"accuracy": 51.048951048951054, "_timestamp": 1699704850.0630205, "_runtime": 2.377129554748535, "_step": 0, "_wandb": {"runtime": 0}}