{"MSE": 11.674177395219681, "RMSE": 3.4167495365068365, "R-squared": 0.8592689949211556, "_timestamp": 1699769547.0453753, "_runtime": 1.817671298980713, "_step": 0, "_wandb": {"runtime": 0}}