{"accuracy": 54.89510489510489, "_timestamp": 1699704135.0096204, "_runtime": 2.6349713802337646, "_step": 0, "_wandb": {"runtime": 0}}