{"MSE": 7.831238895241288, "RMSE": 2.798435079690306, "R-squared": 0.9055952223930459, "_timestamp": 1699769385.5373895, "_runtime": 1.808396577835083, "_step": 0, "_wandb": {"runtime": 0}}