{"accuracy": 49.3006993006993, "_timestamp": 1699706030.6261299, "_runtime": 10.651955842971802, "_step": 0, "_wandb": {"runtime": 7}}