{"MSE": 4.548139635842977, "RMSE": 2.132636780101801, "R-squared": 0.9451726455301935, "_timestamp": 1699769391.4873834, "_runtime": 1.8757014274597168, "_step": 0, "_wandb": {"runtime": 0}}