{"accuracy": 0.32166301969365424, "loss": 11.539273434400364, "_timestamp": 1698072024.90353, "_runtime": 8.727717876434326, "_step": 249, "_wandb": {"runtime": 6}}