{"MSE": 9.744026160844996, "RMSE": 3.1215422727948114, "R-squared": 0.8825367690838944, "_timestamp": 1699767839.806966, "_runtime": 1.7128801345825195, "_step": 0, "_wandb": {"runtime": 0}}