{"Accuracy": 0.7217391304347827, "_timestamp": 1699814490.3216095, "_runtime": 1.8790614604949951, "_step": 0, "_wandb": {"runtime": 0}}