{"MSE": 30.062307829135655, "RMSE": 5.482910525362935, "R-squared": 0.6376019780617476, "_timestamp": 1699756420.813997, "_runtime": 8.573796033859253, "_step": 0}