{"accuracy": 0.39059080962800874, "loss": 11.073726142773314, "_timestamp": 1698071325.2910807, "_runtime": 7.378257751464844, "_step": 99, "_wandb": {"runtime": 5}}