{"Accuracy": 0.7043478260869566, "_timestamp": 1699814297.6596854, "_runtime": 1.659698486328125, "_step": 0, "_wandb": {"runtime": 0}}