{"accuracy": 0.40809628008752735, "loss": 1.6438678955221135, "_timestamp": 1698069910.8173046, "_runtime": 12.251684665679932, "_step": 699, "_wandb": {"runtime": 10}}