{"MSE": 23.897887501213322, "RMSE": 4.8885465632653355, "R-squared": 0.7119134296619436, "_timestamp": 1699768119.6155834, "_runtime": 1.8644943237304688, "_step": 0, "_wandb": {"runtime": 0}}