{"loss (MSE) ": 121311.079, "_timestamp": 1698070072.015876, "_runtime": 7.020604133605957, "_step": 499, "_wandb": {"runtime": 5}}