{"MSE": 25.1143137254902, "RMSE": 5.01141833471226, "R-squared": 0.6972495369223277, "_timestamp": 1699756205.5530963, "_runtime": 24.07995629310608, "_step": 0, "_wandb": {"runtime": 22}}