{"Accuracy": 0.5826086956521739, "_timestamp": 1699757011.5953088, "_runtime": 4.19435977935791, "_step": 0, "_wandb": {"runtime": 2}}