{"accuracy": 0.5481400437636762, "loss": 1.51340410570716, "_timestamp": 1698069666.925399, "_runtime": 13.78531002998352, "_step": 899, "_wandb": {"runtime": 11}}