{"accuracy": 51.39860139860139, "_timestamp": 1699703844.8791332, "_runtime": 4.6303651332855225, "_step": 0, "_wandb": {"runtime": 2}}