{"acc": 0.422, "loss": 0.23, "_timestamp": 1698066311.485481, "_runtime": 10.381146907806396, "_step": 499, "_wandb": {"runtime": 8}}