{"MSE": 17.95132381180315, "RMSE": 4.236900259836565, "R-squared": 0.7835986419424021, "_timestamp": 1699767864.9316888, "_runtime": 1.9874048233032227, "_step": 0, "_wandb": {"runtime": 0}}