{"accuracy": 0.40153172866520787, "loss": 11.462072432804215, "_timestamp": 1698072057.6642992, "_runtime": 9.97873330116272, "_step": 349, "_wandb": {"runtime": 7}}