{"MSE": 22.908010094092667, "RMSE": 4.78623130386452, "R-squared": 0.723846299764292, "_timestamp": 1699822394.0557997, "_runtime": 31.784287691116333, "_step": 0, "_wandb": {"runtime": 30}}