{"accuracy": 52.44755244755245, "_timestamp": 1699705963.9926965, "_runtime": 31.06381058692932, "_step": 0, "_wandb": {"runtime": 29}}