{"accuracy": 54.1958041958042, "_timestamp": 1699704870.406688, "_runtime": 2.788925886154175, "_step": 0, "_wandb": {"runtime": 0}}