{"MSE": 10.981707508756525, "RMSE": 3.313865946105323, "R-squared": 0.8676166480199254, "_timestamp": 1699769006.5545359, "_runtime": 3.088162899017334, "_step": 0, "_wandb": {"runtime": 0}}