{"MSE": 13.273024035214014, "RMSE": 3.643216166413134, "R-squared": 0.8399950634914798, "_timestamp": 1699768017.3762262, "_runtime": 1.849398136138916, "_step": 0, "_wandb": {"runtime": 0}}