{"acc": 0.422, "loss": 0.23, "_timestamp": 1698065344.548761, "_runtime": 11.510594844818115, "_step": 499, "_wandb": {"runtime": 9}}