{"accuracy": 0.5273522975929978, "loss": 1.6062043532596726, "_timestamp": 1698069999.3753846, "_runtime": 14.072053670883179, "_step": 899, "_wandb": {"runtime": 12}}