{"accuracy": 0.35120350109409193, "loss": 13.25462276589311, "_timestamp": 1698072450.2120821, "_runtime": 11.282223224639893, "_step": 549, "_wandb": {"runtime": 9}}