{"MSE": 17.629293203712134, "RMSE": 4.19872518792456, "R-squared": 0.7874806877267465, "_timestamp": 1699821302.5293958, "_runtime": 15.722578763961792, "_step": 0, "_wandb": {"runtime": 14}}