{"Accuracy": 0.782608695652174, "_timestamp": 1699814808.6689525, "_runtime": 1.8919005393981934, "_step": 0, "_wandb": {"runtime": 0}}