{"accuracy": 0.3358862144420131, "loss": 9.300530476694988, "_timestamp": 1698070991.1589406, "_runtime": 14.027448654174805, "_step": 949, "_wandb": {"runtime": 12}}