{"MSE": 34.94306226070159, "RMSE": 5.911265707164717, "R-squared": 0.5787649865167539, "_timestamp": 1699821217.3849063, "_runtime": 5.687430381774902, "_step": 0, "_wandb": {"runtime": 4}}