{"accuracy": 51.048951048951054, "_timestamp": 1699703914.8032417, "_runtime": 4.713919639587402, "_step": 0, "_wandb": {"runtime": 2}}