{"accuracy": 0.5557986870897156, "loss": 1.531045151442725, "_timestamp": 1698069524.928091, "_runtime": 11.103235006332397, "_step": 549, "_wandb": {"runtime": 9}}