{"MSE": 20.00416806070919, "RMSE": 4.472601934076986, "R-squared": 0.7588518161371707, "_timestamp": 1699767776.6556745, "_runtime": 2.099785566329956, "_step": 0, "_wandb": {"runtime": 0}}