{"MSE": 6.442528897918765, "RMSE": 2.5382137218758323, "R-squared": 0.922335978257032, "_timestamp": 1699769024.5652914, "_runtime": 1.814286470413208, "_step": 0, "_wandb": {"runtime": 0}}