{"MSE": 22.849838132671465, "RMSE": 4.780150429920743, "R-squared": 0.724547556762628, "_timestamp": 1699768358.0525146, "_runtime": 1.9488775730133057, "_step": 0, "_wandb": {"runtime": 0}}