{"loss (MSE) ": 3304.859, "_timestamp": 1698072667.6911664, "_runtime": 7.320139408111572, "_step": 499, "_wandb": {"runtime": 5}}