{"accuracy": 0.3479212253829322, "loss": 9.730474227756504, "_timestamp": 1698071134.057232, "_runtime": 10.498492002487183, "_step": 499, "_wandb": {"runtime": 8}}