{"Accuracy": 0.8, "_timestamp": 1699815608.7908156, "_runtime": 1.8319716453552246, "_step": 0, "_wandb": {"runtime": 0}}