{"Accuracy": 0.8173913043478261, "_timestamp": 1699815453.2936757, "_runtime": 2.3105766773223877, "_step": 0, "_wandb": {"runtime": 0}}