{"MSE": 16.094108369148227, "RMSE": 4.011746299200415, "R-squared": 0.80598718265447, "_timestamp": 1699768272.7949944, "_runtime": 1.7680983543395996, "_step": 0, "_wandb": {"runtime": 0}}