{"accuracy": 53.14685314685315, "_timestamp": 1699706072.040255, "_runtime": 2.128430128097534, "_step": 0, "_wandb": {"runtime": 0}}