{"MSE": 8.235887607378277, "RMSE": 2.869823619558923, "R-squared": 0.9007172238810294, "_timestamp": 1699769632.9796495, "_runtime": 1.7886924743652344, "_step": 0, "_wandb": {"runtime": 0}}