{"accuracy": 0.3282275711159737, "loss": 5.627313969544416, "_timestamp": 1698070542.8076568, "_runtime": 11.733694791793823, "_step": 649, "_wandb": {"runtime": 9}}