{"acc": 0.417, "loss": 0.296, "_timestamp": 1698067162.113698, "_runtime": 6.950305938720703, "_step": 99, "_wandb": {"runtime": 4}}