{"loss (MSE) ": 6217.686, "_timestamp": 1698072420.9405885, "_runtime": 6.975507497787476, "_step": 499, "_wandb": {"runtime": 5}}