{"accuracy": 0.4234135667396061, "loss": 10.762877232062632, "_timestamp": 1698071709.8186483, "_runtime": 9.386685371398926, "_step": 299, "_wandb": {"runtime": 7}}