{"Accuracy": 0.8260869565217391, "_timestamp": 1699814944.523434, "_runtime": 1.7758798599243164, "_step": 0, "_wandb": {"runtime": 0}}