{"acc": 0.421, "loss": 0.231, "_timestamp": 1698066203.787922, "_runtime": 11.118598937988281, "_step": 499, "_wandb": {"runtime": 9}}