{"MSE": 21.232461945638274, "RMSE": 4.607869566908147, "R-squared": 0.7440448599717582, "_timestamp": 1699821495.835686, "_runtime": 1.8913469314575195, "_step": 0, "_wandb": {"runtime": 0}}