{"MSE": 15.271711897488226, "RMSE": 3.907903772803039, "R-squared": 0.8159010873444398, "_timestamp": 1699769552.90091, "_runtime": 1.7569940090179443, "_step": 0, "_wandb": {"runtime": 0}}