{"accuracy": 0.38949671772428884, "loss": 12.136873932927738, "_timestamp": 1698071552.418818, "_runtime": 12.69114899635315, "_step": 749, "_wandb": {"runtime": 10}}