{"MSE": 7.130165420215524, "RMSE": 2.670236959562863, "R-squared": 0.9140465908650458, "_timestamp": 1699768632.5963748, "_runtime": 1.7401888370513916, "_step": 0, "_wandb": {"runtime": 0}}