{"acc": 0.347, "loss": 0.227, "_timestamp": 1698067252.1530447, "_runtime": 6.9854536056518555, "_step": 99, "_wandb": {"runtime": 5}}