{"MSE": 12.500197332072931, "RMSE": 3.5355618127919826, "R-squared": 0.8493114097318024, "_timestamp": 1699767833.7696574, "_runtime": 1.6975364685058594, "_step": 0, "_wandb": {"runtime": 0}}