{"accuracy": 53.4965034965035, "_timestamp": 1699705810.4446347, "_runtime": 23.947852611541748, "_step": 0, "_wandb": {"runtime": 21}}