{"acc": 0.574, "loss": 0.176, "_timestamp": 1698067797.3122513, "_runtime": 6.858854293823242, "_step": 99, "_wandb": {"runtime": 4}}