{"Accuracy": 0.7478260869565218, "_timestamp": 1699814739.1320436, "_runtime": 1.7586305141448975, "_step": 0, "_wandb": {"runtime": 0}}