{"accuracy": 0.42560175054704596, "loss": 13.302518258007145, "_timestamp": 1698072728.3876476, "_runtime": 10.33774471282959, "_step": 399, "_wandb": {"runtime": 8}}