{"accuracy": 0.4102844638949672, "loss": 13.048531513680619, "_timestamp": 1698072711.2012239, "_runtime": 9.661595821380615, "_step": 349, "_wandb": {"runtime": 7}}