{"Accuracy": 0.7304347826086957, "_timestamp": 1699815243.9939618, "_runtime": 1.8809568881988525, "_step": 0, "_wandb": {"runtime": 0}}