{"MSE": 14.333112420539155, "RMSE": 3.785909721657287, "R-squared": 0.8272158072845024, "_timestamp": 1699769409.1170545, "_runtime": 1.8560404777526855, "_step": 0, "_wandb": {"runtime": 0}}