{"accuracy": 0.43982494529540483, "loss": 6.01641976382257, "_timestamp": 1698070451.5713825, "_runtime": 9.887085437774658, "_step": 399, "_wandb": {"runtime": 7}}