{"accuracy": 54.1958041958042, "_timestamp": 1699705565.5339491, "_runtime": 2.473759174346924, "_step": 0, "_wandb": {"runtime": 0}}