{"MSE": 6.331330760288731, "RMSE": 2.516213576048093, "R-squared": 0.9236764603434168, "_timestamp": 1699768758.0029404, "_runtime": 1.7946743965148926, "_step": 0, "_wandb": {"runtime": 0}}