{"Accuracy": 0.7739130434782608, "_timestamp": 1699815570.5331562, "_runtime": 1.9761641025543213, "_step": 0, "_wandb": {"runtime": 0}}