{"MSE": 19.358114781621648, "RMSE": 4.399785765423317, "R-squared": 0.7666399218188354, "_timestamp": 1699822254.4584012, "_runtime": 25.521897315979004, "_step": 0, "_wandb": {"runtime": 23}}