{"MSE": 38.250215194393625, "RMSE": 6.184675835837609, "R-squared": 0.5388975988155434, "_timestamp": 1699821049.4827685, "_runtime": 5.812464475631714, "_step": 0, "_wandb": {"runtime": 4}}