{"MSE": 14.894986635090907, "RMSE": 3.8594023676070504, "R-squared": 0.8204424715483045, "_timestamp": 1699769459.205561, "_runtime": 1.7349188327789307, "_step": 0, "_wandb": {"runtime": 0}}