{"accuracy": 0.487964989059081, "loss": 1.7106148868711317, "_timestamp": 1698069702.2180967, "_runtime": 7.73512077331543, "_step": 99, "_wandb": {"runtime": 5}}