{"Accuracy": 0.6695652173913044, "_timestamp": 1699814583.2459047, "_runtime": 1.807856798171997, "_step": 0, "_wandb": {"runtime": 0}}