{"MSE": 16.736676145437738, "RMSE": 4.091048294195234, "R-squared": 0.798241094349736, "_timestamp": 1699769607.0969205, "_runtime": 1.858471393585205, "_step": 0, "_wandb": {"runtime": 0}}