{"accuracy": 0.43326039387308535, "loss": 12.952877779992043, "_timestamp": 1698072488.0444076, "_runtime": 11.692366600036621, "_step": 649, "_wandb": {"runtime": 9}}