{"MSE": 9.159199028392635, "RMSE": 3.0264168629573547, "R-squared": 0.8895867998793062, "_timestamp": 1699768880.4531152, "_runtime": 1.6974003314971924, "_step": 0, "_wandb": {"runtime": 0}}