{"accuracy": 52.44755244755245, "_timestamp": 1699705339.2944512, "_runtime": 31.932300329208374, "_step": 0, "_wandb": {"runtime": 28}}