{"Accuracy": 0.7652173913043478, "_timestamp": 1699814874.5110998, "_runtime": 1.7986397743225098, "_step": 0, "_wandb": {"runtime": 0}}