{"Accuracy": 0.7304347826086957, "_timestamp": 1699814751.9116318, "_runtime": 1.8107528686523438, "_step": 0, "_wandb": {"runtime": 0}}