{"MSE": 9.139713200773421, "RMSE": 3.023195858817854, "R-squared": 0.8898216995225794, "_timestamp": 1699768527.0521526, "_runtime": 1.7433536052703857, "_step": 0, "_wandb": {"runtime": 0}}