{"MSE": 17.92483358550373, "RMSE": 4.233772972834482, "R-squared": 0.783917978889724, "_timestamp": 1699767377.2379181, "_runtime": 1.7172961235046387, "_step": 0, "_wandb": {"runtime": 0}}