{"accuracy": 0.3927789934354486, "loss": 10.437939524983907, "_timestamp": 1698070710.210456, "_runtime": 8.34328579902649, "_step": 199, "_wandb": {"runtime": 6}}