{"Accuracy": 0.7652173913043478, "_timestamp": 1699815103.7523947, "_runtime": 1.8359906673431396, "_step": 0, "_wandb": {"runtime": 0}}