{"MSE": 28.12809127895643, "RMSE": 5.303592299466129, "R-squared": 0.6609187591874413, "_timestamp": 1699768620.569287, "_runtime": 1.7658271789550781, "_step": 0, "_wandb": {"runtime": 0}}