{"MSE": 29.40490737304612, "RMSE": 5.422629193762572, "R-squared": 0.6455268727924593, "_timestamp": 1699768917.3862064, "_runtime": 1.689495325088501, "_step": 0, "_wandb": {"runtime": 0}}