{"acc": 0.381, "loss": 0.242, "_timestamp": 1698067414.9387422, "_runtime": 6.846429109573364, "_step": 99, "_wandb": {"runtime": 4}}