{"MSE": 23.70193852828856, "RMSE": 4.868463672277792, "R-squared": 0.7142755743313539, "_timestamp": 1699769515.638939, "_runtime": 1.7718188762664795, "_step": 0, "_wandb": {"runtime": 0}}