{"MSE": 12.675832378244088, "RMSE": 3.560313522464572, "R-squared": 0.8471941473553666, "_timestamp": 1699769143.945572, "_runtime": 1.7704529762268066, "_step": 0, "_wandb": {"runtime": 0}}