{"MSE": 22.787565382173472, "RMSE": 4.773632304877856, "R-squared": 0.7252982483505592, "_timestamp": 1699769613.797718, "_runtime": 1.7461140155792236, "_step": 0, "_wandb": {"runtime": 0}}