{"acc": 0.421, "loss": 0.23, "_timestamp": 1698066400.3519955, "_runtime": 10.207908391952515, "_step": 499, "_wandb": {"runtime": 8}}