{"accuracy": 0.38840262582056895, "loss": 11.11917890241076, "_timestamp": 1698071267.9556825, "_runtime": 13.115805625915527, "_step": 849, "_wandb": {"runtime": 11}}