{"MSE": 9.176935449033898, "RMSE": 3.0293457130268076, "R-squared": 0.8893729891568164, "_timestamp": 1699769138.040734, "_runtime": 1.7600631713867188, "_step": 0, "_wandb": {"runtime": 0}}