{"accuracy": 0.3796498905908096, "loss": 12.677866621935435, "_timestamp": 1698071765.7514124, "_runtime": 11.726377487182617, "_step": 449, "_wandb": {"runtime": 8}}