{"acc": 0.371, "loss": 0.206, "_timestamp": 1698067945.6427412, "_runtime": 6.633332252502441, "_step": 99, "_wandb": {"runtime": 4}}