{"Accuracy": 0.7478260869565218, "_timestamp": 1699815621.4377139, "_runtime": 1.8784899711608887, "_step": 0, "_wandb": {"runtime": 0}}