{"accuracy": 0.33807439824945296, "loss": 10.930388722302611, "_timestamp": 1698071881.1383224, "_runtime": 13.216487407684326, "_step": 749, "_wandb": {"runtime": 11}}