{"MSE": 21.24566155741735, "RMSE": 4.609301634458017, "R-squared": 0.7438857400124297, "_timestamp": 1699768966.080537, "_runtime": 1.8099241256713867, "_step": 0, "_wandb": {"runtime": 0}}