{"Accuracy": 0.7739130434782608, "_timestamp": 1699815466.5686586, "_runtime": 1.872302532196045, "_step": 0, "_wandb": {"runtime": 0}}