{"MSE": 7.62594830482871, "RMSE": 2.7615119599286024, "R-squared": 0.9080699792983008, "_timestamp": 1699769570.5439637, "_runtime": 1.846862554550171, "_step": 0, "_wandb": {"runtime": 0}}