{"accuracy": 51.048951048951054, "_timestamp": 1699705874.8830857, "_runtime": 44.432597637176514, "_step": 0, "_wandb": {"runtime": 41}}