{"Accuracy": 0.7739130434782608, "_timestamp": 1699815673.5386205, "_runtime": 1.826364517211914, "_step": 0, "_wandb": {"runtime": 0}}