{"MSE": 11.716323529411767, "RMSE": 3.4229115573458464, "R-squared": 0.8587609276180608, "_timestamp": 1699822416.3547876, "_runtime": 1.8212134838104248, "_step": 0}