{"Accuracy": 0.7913043478260869, "_timestamp": 1699814643.8283732, "_runtime": 1.7347512245178223, "_step": 0, "_wandb": {"runtime": 0}}