{"accuracy": 0.412472647702407, "loss": 11.986775372502574, "_timestamp": 1698071341.2202673, "_runtime": 7.646794319152832, "_step": 149, "_wandb": {"runtime": 5}}