{"accuracy": 55.59440559440559, "_timestamp": 1699704027.9430647, "_runtime": 3.102646589279175, "_step": 0, "_wandb": {"runtime": 0}}