{"acc": 0.347, "loss": 0.205, "_timestamp": 1698067607.2100332, "_runtime": 6.901716232299805, "_step": 99, "_wandb": {"runtime": 4}}