{"MSE": 29.153840915358213, "RMSE": 5.39942968426835, "R-squared": 0.6485534530589604, "_timestamp": 1699767704.4700944, "_runtime": 1.7366573810577393, "_step": 0, "_wandb": {"runtime": 0}}