{"MSE": 21.232461945638267, "RMSE": 4.607869566908146, "R-squared": 0.7440448599717582, "_timestamp": 1699821998.2712355, "_runtime": 1.826277494430542, "_step": 0, "_wandb": {"runtime": 0}}