{"Accuracy": 0.7739130434782608, "_timestamp": 1699815517.3582432, "_runtime": 1.937448263168335, "_step": 0, "_wandb": {"runtime": 0}}