{"MSE": 17.712256808019767, "RMSE": 4.208593210090489, "R-squared": 0.7864805700290355, "_timestamp": 1699769361.5135553, "_runtime": 1.7417573928833008, "_step": 0, "_wandb": {"runtime": 0}}