{"MSE": 9.905098039215684, "RMSE": 3.1472365718540583, "R-squared": 0.8805950641940641, "_timestamp": 1699821826.5410144, "_runtime": 1.8681025505065918, "_step": 0, "_wandb": {"runtime": 0}}