{"Accuracy": 0.7652173913043478, "_timestamp": 1699814893.0511305, "_runtime": 1.6824336051940918, "_step": 0, "_wandb": {"runtime": 0}}