{"accuracy": 0.5689277899343544, "loss": 1.400013937373043, "_timestamp": 1698069453.619852, "_runtime": 9.626253128051758, "_step": 349, "_wandb": {"runtime": 7}}