{"Accuracy": 0.7043478260869566, "_timestamp": 1699814316.494774, "_runtime": 1.6558001041412354, "_step": 0, "_wandb": {"runtime": 0}}