{"Accuracy": 0.6869565217391305, "_timestamp": 1699814304.024844, "_runtime": 1.931143045425415, "_step": 0, "_wandb": {"runtime": 0}}