{"Accuracy": 0.7565217391304347, "_timestamp": 1699815602.5053988, "_runtime": 2.307328701019287, "_step": 0, "_wandb": {"runtime": 0}}