{"MSE": 27.21067034712089, "RMSE": 5.216384796688305, "R-squared": 0.6719781739493287, "_timestamp": 1699768315.0553346, "_runtime": 1.7849855422973633, "_step": 0, "_wandb": {"runtime": 0}}