{"accuracy": 52.44755244755245, "_timestamp": 1699705926.6593528, "_runtime": 2.2524988651275635, "_step": 0, "_wandb": {"runtime": 0}}