{"accuracy": 54.1958041958042, "_timestamp": 1699704603.2431629, "_runtime": 21.423642873764038, "_step": 0, "_wandb": {"runtime": 19}}