{"Accuracy": 0.7565217391304347, "_timestamp": 1699814956.537976, "_runtime": 1.7633259296417236, "_step": 0, "_wandb": {"runtime": 0}}