{"accuracy": 51.39860139860139, "_timestamp": 1699704399.9676511, "_runtime": 3.497352123260498, "_step": 0, "_wandb": {"runtime": 0}}