{"Accuracy": 0.6521739130434783, "_timestamp": 1699814131.9560091, "_runtime": 1.8995592594146729, "_step": 0, "_wandb": {"runtime": 0}}