{"Accuracy": 0.7652173913043478, "_timestamp": 1699814229.1640205, "_runtime": 2.44535756111145, "_step": 0, "_wandb": {"runtime": 0}}