{"MSE": 15.664870539067646, "RMSE": 3.9578871306629813, "R-squared": 0.8111616004485527, "_timestamp": 1699822025.750722, "_runtime": 21.479586839675903, "_step": 0, "_wandb": {"runtime": 19}}