{"accuracy": 57.34265734265735, "_timestamp": 1699705175.9517767, "_runtime": 3.453073740005493, "_step": 0, "_wandb": {"runtime": 0}}