{"MSE": 7.561299755025799, "RMSE": 2.7497817649816865, "R-squared": 0.9088493109019459, "_timestamp": 1699768053.348667, "_runtime": 1.785390853881836, "_step": 0, "_wandb": {"runtime": 0}}