{"acc": 0.421, "loss": 0.23, "_timestamp": 1698065487.0660768, "_runtime": 9.79658579826355, "_step": 499, "_wandb": {"runtime": 8}}