{"accuracy": 0.40153172866520787, "loss": 12.916435215617426, "_timestamp": 1698072009.6918488, "_runtime": 8.393337726593018, "_step": 199, "_wandb": {"runtime": 6}}