{"Accuracy": 0.7217391304347827, "_timestamp": 1699814886.9264388, "_runtime": 2.245184898376465, "_step": 0, "_wandb": {"runtime": 0}}