{"Accuracy": 0.7391304347826086, "_timestamp": 1699814222.7282257, "_runtime": 1.8556838035583496, "_step": 0, "_wandb": {"runtime": 0}}