{"MSE": 8.805676314255791, "RMSE": 2.967435983177361, "R-squared": 0.8938484797557017, "_timestamp": 1699769342.8915184, "_runtime": 1.8457183837890625, "_step": 0, "_wandb": {"runtime": 0}}