{"MSE": 34.5684995440428, "RMSE": 5.879498239139357, "R-squared": 0.5832803014546644, "_timestamp": 1699769416.43897, "_runtime": 1.8252971172332764, "_step": 0, "_wandb": {"runtime": 0}}