{"Accuracy": 0.7565217391304347, "_timestamp": 1699814145.5471764, "_runtime": 2.087212324142456, "_step": 0, "_wandb": {"runtime": 0}}