{"accuracy": 52.7972027972028, "_timestamp": 1699705770.9435205, "_runtime": 7.0129554271698, "_step": 0, "_wandb": {"runtime": 0}}