{"accuracy": 54.1958041958042, "_timestamp": 1699705392.3426707, "_runtime": 2.091902732849121, "_step": 0, "_wandb": {"runtime": 0}}