{"Accuracy": 0.782608695652174, "_timestamp": 1699814676.166, "_runtime": 1.9368298053741455, "_step": 0, "_wandb": {"runtime": 0}}