{"loss (MSE) ": 8666.049, "_timestamp": 1698070117.372548, "_runtime": 7.397789001464844, "_step": 499, "_wandb": {"runtime": 5}}