{"MSE": 18.871946159648857, "RMSE": 4.3441853274979945, "R-squared": 0.7725006344405269, "_timestamp": 1699821787.5003827, "_runtime": 30.896727561950684, "_step": 0, "_wandb": {"runtime": 29}}