{"MSE": 18.150000000000002, "RMSE": 4.260281680828159, "R-squared": 0.781203620974019, "_timestamp": 1699756224.9926658, "_runtime": 14.888081789016724, "_step": 0, "_wandb": {"runtime": 13}}