{"accuracy": 54.89510489510489, "_timestamp": 1699704978.6960142, "_runtime": 13.760686159133911, "_step": 0, "_wandb": {"runtime": 11}}