{"MSE": 23.94692532392504, "RMSE": 4.8935595760065125, "R-squared": 0.7113222837641671, "_timestamp": 1699821808.3177092, "_runtime": 15.087844133377075, "_step": 0, "_wandb": {"runtime": 13}}