{"MSE": 18.588484124949346, "RMSE": 4.311436434061083, "R-squared": 0.775917740048438, "_timestamp": 1699768126.0699778, "_runtime": 1.767972707748413, "_step": 0, "_wandb": {"runtime": 0}}