{"MSE": 22.532942190160053, "RMSE": 4.746887631928952, "R-squared": 0.728367704682712, "_timestamp": 1699769367.6145666, "_runtime": 1.8544986248016357, "_step": 0, "_wandb": {"runtime": 0}}