{"accuracy": 51.048951048951054, "_timestamp": 1699705471.7178645, "_runtime": 16.795387506484985, "_step": 0, "_wandb": {"runtime": 14}}