{"Accuracy": 0.808695652173913, "_timestamp": 1699815148.2362022, "_runtime": 1.841224193572998, "_step": 0, "_wandb": {"runtime": 0}}