{"MSE": 9.13927873762716, "RMSE": 3.0231240030185926, "R-squared": 0.8898269369310214, "_timestamp": 1699769540.882996, "_runtime": 1.7329521179199219, "_step": 0, "_wandb": {"runtime": 0}}