{"accuracy": 56.29370629370629, "_timestamp": 1699705716.8717968, "_runtime": 22.375587940216064, "_step": 0, "_wandb": {"runtime": 20}}