{"Accuracy": 0.48695652173913045, "_timestamp": 1699757019.610201, "_runtime": 4.363926887512207, "_step": 0, "_wandb": {"runtime": 2}}