{"Accuracy": 0.6956521739130435, "_timestamp": 1699814551.9639378, "_runtime": 1.736914873123169, "_step": 0, "_wandb": {"runtime": 0}}