{"MSE": 7.111914014942845, "RMSE": 2.666817206885925, "R-squared": 0.9142666096741806, "_timestamp": 1699769324.9170983, "_runtime": 2.0252413749694824, "_step": 0, "_wandb": {"runtime": 0}}