{"MSE": 17.055434981645345, "RMSE": 4.1298226331944745, "R-squared": 0.794398489438179, "_timestamp": 1699768113.6115108, "_runtime": 1.7863526344299316, "_step": 0, "_wandb": {"runtime": 0}}