{"accuracy": 50.0, "_timestamp": 1699704225.976536, "_runtime": 2.736470937728882, "_step": 0, "_wandb": {"runtime": 0}}