{"Accuracy": 0.7739130434782608, "_timestamp": 1699815116.9177701, "_runtime": 2.9614391326904297, "_step": 0, "_wandb": {"runtime": 0}}