{"acc": 0.421, "loss": 0.23, "_timestamp": 1698065692.8726063, "_runtime": 11.301449298858643, "_step": 499, "_wandb": {"runtime": 9}}