{"Accuracy": 0.7043478260869566, "_timestamp": 1699814577.432843, "_runtime": 1.8238060474395752, "_step": 0, "_wandb": {"runtime": 0}}