{"MSE": 6.960729448166381, "RMSE": 2.638319436339425, "R-squared": 0.9160891240419659, "_timestamp": 1699769037.9633303, "_runtime": 2.4022552967071533, "_step": 0, "_wandb": {"runtime": 0}}