{"Accuracy": 0.808695652173913, "_timestamp": 1699815479.7853422, "_runtime": 1.9399092197418213, "_step": 0, "_wandb": {"runtime": 0}}