{"Accuracy": 0.7304347826086957, "_timestamp": 1699814477.8560202, "_runtime": 1.8596200942993164, "_step": 0, "_wandb": {"runtime": 0}}