{"accuracy": 0.4037199124726477, "loss": 9.617138353566038, "_timestamp": 1698070970.0677476, "_runtime": 13.61256456375122, "_step": 899, "_wandb": {"runtime": 11}}