{"accuracy": 51.74825174825175, "_timestamp": 1699705746.1771517, "_runtime": 2.5412957668304443, "_step": 0, "_wandb": {"runtime": 0}}