{"accuracy": 0.38840262582056895, "loss": 11.653834182829168, "_timestamp": 1698072074.9191754, "_runtime": 10.531157493591309, "_step": 399, "_wandb": {"runtime": 8}}