{"Accuracy": 0.7043478260869566, "_timestamp": 1699814241.1559632, "_runtime": 1.7353391647338867, "_step": 0, "_wandb": {"runtime": 0}}