{"MSE": 18.25528140350483, "RMSE": 4.2726199694689475, "R-squared": 0.7799344645075931, "_timestamp": 1699768671.204349, "_runtime": 1.8599390983581543, "_step": 0, "_wandb": {"runtime": 0}}