{"acc": 0.422, "loss": 0.231, "_timestamp": 1698066222.6725047, "_runtime": 11.265411615371704, "_step": 499, "_wandb": {"runtime": 9}}