{"accuracy": 54.54545454545454, "_timestamp": 1699705882.96432, "_runtime": 2.5633668899536133, "_step": 0, "_wandb": {"runtime": 0}}