{"accuracy": 0.4288840262582057, "loss": 2.8449287074796428, "_timestamp": 1698070223.181833, "_runtime": 12.084805011749268, "_step": 649, "_wandb": {"runtime": 10}}