{"MSE": 14.155300414077528, "RMSE": 3.7623530421901568, "R-squared": 0.8293593126928301, "_timestamp": 1699767345.8691628, "_runtime": 1.746013879776001, "_step": 0, "_wandb": {"runtime": 0}}