{"accuracy": 0.44529540481400437, "loss": 5.652847011213282, "_timestamp": 1698070434.5358357, "_runtime": 9.427032709121704, "_step": 349, "_wandb": {"runtime": 7}}