{"Accuracy": 0.7652173913043478, "_timestamp": 1699815194.9351306, "_runtime": 1.798142671585083, "_step": 0, "_wandb": {"runtime": 0}}