{"MSE": 12.894400871459696, "RMSE": 3.590877451467774, "R-squared": 0.84455932670056, "_timestamp": 1699821015.5463455, "_runtime": 1.7553985118865967, "_step": 0, "_wandb": {"runtime": 0}}