{"MSE": 14.49600414934638, "RMSE": 3.807361835884052, "R-squared": 0.825252164285257, "_timestamp": 1699768089.164539, "_runtime": 1.736316204071045, "_step": 0, "_wandb": {"runtime": 0}}