{"accuracy": 0.437636761487965, "loss": 10.689434951777026, "_timestamp": 1698071151.311004, "_runtime": 10.960145950317383, "_step": 549, "_wandb": {"runtime": 9}}