{"accuracy": 0.3227571115973742, "loss": 11.61795003959689, "_timestamp": 1698072204.3792477, "_runtime": 12.997442722320557, "_step": 749, "_wandb": {"runtime": 10}}