{"accuracy": 0.3074398249452954, "loss": 3.1366382329692954, "_timestamp": 1698070261.115668, "_runtime": 12.464475154876709, "_step": 749, "_wandb": {"runtime": 10}}