{"accuracy": 0.4726477024070022, "loss": 1.6939545902496425, "_timestamp": 1698070020.8477738, "_runtime": 14.790919780731201, "_step": 949, "_wandb": {"runtime": 13}}