{"MSE": 6.202719894796706, "RMSE": 2.490526027729224, "R-squared": 0.9252268510692048, "_timestamp": 1699768401.042901, "_runtime": 1.7532811164855957, "_step": 0, "_wandb": {"runtime": 0}}