{"acc": 0.391, "loss": 0.278, "_timestamp": 1698067504.1856098, "_runtime": 6.902576923370361, "_step": 99, "_wandb": {"runtime": 4}}