{"accuracy": 0.40043763676148797, "loss": 11.269658636377201, "_timestamp": 1698071994.448555, "_runtime": 7.897424936294556, "_step": 149, "_wandb": {"runtime": 6}}