{"accuracy": 0.5065645514223195, "loss": 1.6309702891929008, "_timestamp": 1698069872.891954, "_runtime": 11.728338956832886, "_step": 599, "_wandb": {"runtime": 9}}