{"accuracy": 56.993006993006986, "_timestamp": 1699704502.1834435, "_runtime": 4.342241525650024, "_step": 0, "_wandb": {"runtime": 0}}