{"acc": 0.181, "loss": 0.263, "_timestamp": 1698067117.9312754, "_runtime": 6.7952234745025635, "_step": 99, "_wandb": {"runtime": 4}}