{"accuracy": 53.4965034965035, "_timestamp": 1699705302.4859343, "_runtime": 43.449087142944336, "_step": 0, "_wandb": {"runtime": 40}}