{"acc": 0.421, "loss": 0.236, "_timestamp": 1698066561.6185184, "_runtime": 7.869652271270752, "_step": 96, "_wandb": {"runtime": 6}}