{"MSE": 10.477257040708547, "RMSE": 3.23685913204584, "R-squared": 0.8736977464114879, "_timestamp": 1699767365.525644, "_runtime": 1.7815780639648438, "_step": 0, "_wandb": {"runtime": 0}}