{"MSE": 7.691598518896869, "RMSE": 2.7733731301245546, "R-squared": 0.9072785727351937, "_timestamp": 1699767687.49328, "_runtime": 1.7263619899749756, "_step": 0, "_wandb": {"runtime": 0}}