{"MSE": 31.51455285842397, "RMSE": 5.613782402126392, "R-squared": 0.620095313936857, "_timestamp": 1699767782.8180091, "_runtime": 1.9821600914001465, "_step": 0, "_wandb": {"runtime": 0}}