{"accuracy": 51.048951048951054, "_timestamp": 1699703762.8350046, "_runtime": 2.564513683319092, "_step": 0, "_wandb": {"runtime": 0}}