{"accuracy": 0.32713347921225383, "loss": 11.634953390620433, "_timestamp": 1698072146.6283855, "_runtime": 11.581486463546753, "_step": 599, "_wandb": {"runtime": 9}}