{"acc": 0.421, "loss": 0.23, "_timestamp": 1698065858.0839772, "_runtime": 11.053418159484863, "_step": 499, "_wandb": {"runtime": 9}}