{"accuracy": 53.84615384615385, "_timestamp": 1699703903.1136153, "_runtime": 2.8549861907958984, "_step": 0, "_wandb": {"runtime": 0}}