{"accuracy": 55.94405594405595, "_timestamp": 1699704214.7391372, "_runtime": 2.764984130859375, "_step": 0, "_wandb": {"runtime": 0}}