{"MSE": 9.569047732514507, "RMSE": 3.093387743641994, "R-squared": 0.8846461159999478, "_timestamp": 1699769050.967783, "_runtime": 1.7897188663482666, "_step": 0, "_wandb": {"runtime": 0}}