{"MSE": 11.401764705882355, "RMSE": 3.376649923501451, "R-squared": 0.8625529018097362, "_timestamp": 1699821225.782325, "_runtime": 2.072145938873291, "_step": 0, "_wandb": {"runtime": 0}}