{"Accuracy": 0.7217391304347827, "_timestamp": 1699814421.316153, "_runtime": 1.8133270740509033, "_step": 0, "_wandb": {"runtime": 0}}