{"accuracy": 0.4934354485776805, "loss": 1.7003224802615182, "_timestamp": 1698069798.819388, "_runtime": 9.725348949432373, "_step": 399, "_wandb": {"runtime": 7}}