{"Accuracy": 0.7913043478260869, "_timestamp": 1699815167.026625, "_runtime": 1.94051194190979, "_step": 0, "_wandb": {"runtime": 0}}