{"accuracy": 0.3282275711159737, "loss": 11.393666746325433, "_timestamp": 1698071965.5701718, "_runtime": 14.743874788284302, "_step": 949, "_wandb": {"runtime": 12}}