{"MSE": 21.232461945638278, "RMSE": 4.607869566908147, "R-squared": 0.7440448599717581, "_timestamp": 1699821373.807886, "_runtime": 1.7600719928741455, "_step": 0, "_wandb": {"runtime": 0}}