{"MSE": 19.760960012805963, "RMSE": 4.445330135412438, "R-squared": 0.7617836640837935, "_timestamp": 1699768571.7605927, "_runtime": 1.76444673538208, "_step": 0, "_wandb": {"runtime": 0}}