{"Accuracy": 0.7130434782608696, "_timestamp": 1699815276.7229123, "_runtime": 1.8264083862304688, "_step": 0, "_wandb": {"runtime": 0}}