{"MSE": 9.677354332077662, "RMSE": 3.1108446332270696, "R-squared": 0.883340491106888, "_timestamp": 1699768998.1744256, "_runtime": 1.818427562713623, "_step": 0, "_wandb": {"runtime": 0}}