{"MSE": 8.400058796675902, "RMSE": 2.8982854926103987, "R-squared": 0.8987381571174641, "_timestamp": 1699768187.4746923, "_runtime": 1.7620654106140137, "_step": 0, "_wandb": {"runtime": 0}}