{"Accuracy": 0.7478260869565218, "_timestamp": 1699815698.3064482, "_runtime": 1.8378932476043701, "_step": 0}