{"loss (MSE) ": 2982.293, "_timestamp": 1698072696.8875098, "_runtime": 7.228509902954102, "_step": 499, "_wandb": {"runtime": 5}}