{"MSE": 9.713311917427651, "RMSE": 3.1166186673103997, "R-squared": 0.8829070261221444, "_timestamp": 1699767896.949446, "_runtime": 1.7195770740509033, "_step": 0, "_wandb": {"runtime": 0}}