{"MSE": 18.28403126231422, "RMSE": 4.275983075541134, "R-squared": 0.7795878879232954, "_timestamp": 1699821574.620057, "_runtime": 34.99545407295227, "_step": 0, "_wandb": {"runtime": 33}}