{"accuracy": 54.89510489510489, "_timestamp": 1699703957.2773573, "_runtime": 2.884730339050293, "_step": 0, "_wandb": {"runtime": 0}}