{"MSE": 11.603954977203825, "RMSE": 3.406457834349902, "R-squared": 0.8601155189315313, "_timestamp": 1699769646.059829, "_runtime": 1.7230010032653809, "_step": 0, "_wandb": {"runtime": 0}}