{"Accuracy": 0.7130434782608696, "_timestamp": 1699814216.4124625, "_runtime": 1.746408462524414, "_step": 0, "_wandb": {"runtime": 0}}