{"MSE": 7.4239753142343705, "RMSE": 2.724697288550486, "R-squared": 0.9105047428797383, "_timestamp": 1699768978.8296776, "_runtime": 1.7438325881958008, "_step": 0, "_wandb": {"runtime": 0}}