{"Accuracy": 0.6173913043478261, "_timestamp": 1699814471.8439155, "_runtime": 1.8798534870147705, "_step": 0, "_wandb": {"runtime": 0}}