{"accuracy": 55.59440559440559, "_timestamp": 1699704018.470385, "_runtime": 4.445513010025024, "_step": 0, "_wandb": {"runtime": 0}}