{"MSE": 21.23246194563827, "RMSE": 4.607869566908146, "R-squared": 0.7440448599717582, "_timestamp": 1699820525.5880938, "_runtime": 1.7728748321533203, "_step": 0, "_wandb": {"runtime": 0}}