{"loss (MSE) ": NaN, "_timestamp": 1698074624.4539459, "_runtime": 6.982993841171265, "_step": 499, "_wandb": {"runtime": 4}}