{"MSE": 12.260645523472858, "RMSE": 3.501520458811123, "R-squared": 0.8521991820905254, "_timestamp": 1699821350.0883784, "_runtime": 1.7798924446105957, "_step": 0, "_wandb": {"runtime": 0}}