{"accuracy": 54.89510489510489, "_timestamp": 1699704841.3437479, "_runtime": 2.975562810897827, "_step": 0, "_wandb": {"runtime": 0}}