{"accuracy": 55.24475524475524, "_timestamp": 1699706038.7512205, "_runtime": 3.5104994773864746, "_step": 0, "_wandb": {"runtime": 0}}