{"accuracy": 0.537199124726477, "loss": 1.5271891686379369, "_timestamp": 1698069370.4683511, "_runtime": 6.981463193893433, "_step": 99, "_wandb": {"runtime": 5}}