{"MSE": 9.559177638202799, "RMSE": 3.0917919784815404, "R-squared": 0.8847650989694269, "_timestamp": 1699769187.5824816, "_runtime": 1.7736127376556396, "_step": 0, "_wandb": {"runtime": 0}}