{"Accuracy": 0.6434782608695652, "_timestamp": 1699757035.976503, "_runtime": 12.70002794265747, "_step": 0, "_wandb": {"runtime": 10}}