{"MSE": 11.557926143101026, "RMSE": 3.399695007364782, "R-squared": 0.8606703917818057, "_timestamp": 1699769149.9670758, "_runtime": 1.752607822418213, "_step": 0, "_wandb": {"runtime": 0}}