{"acc": 0.326, "loss": 0.24, "_timestamp": 1698067898.8190904, "_runtime": 6.706196308135986, "_step": 99, "_wandb": {"runtime": 4}}