{"Accuracy": 0.6956521739130435, "_timestamp": 1699814125.357395, "_runtime": 1.8586399555206299, "_step": 0, "_wandb": {"runtime": 0}}