{"acc": 0.005, "loss": 0.253, "_timestamp": 1698067548.2185397, "_runtime": 6.700615644454956, "_step": 99, "_wandb": {"runtime": 4}}