{"Accuracy": 0.782608695652174, "_timestamp": 1699814385.0591142, "_runtime": 1.7801423072814941, "_step": 0, "_wandb": {"runtime": 0}}