{"Accuracy": 0.7913043478260869, "_timestamp": 1699815555.4558344, "_runtime": 1.9259552955627441, "_step": 0, "_wandb": {"runtime": 0}}