{"acc": 0.353, "loss": 0.274, "_timestamp": 1698067102.1848183, "_runtime": 6.784891366958618, "_step": 99, "_wandb": {"runtime": 4}}