{"acc": 0.105, "loss": 0.263, "_timestamp": 1698067071.7045057, "_runtime": 6.75018572807312, "_step": 99, "_wandb": {"runtime": 4}}