{"MSE": 10.774380399639844, "RMSE": 3.2824351325867576, "R-squared": 0.8701159549482259, "_timestamp": 1699768488.479127, "_runtime": 1.7263309955596924, "_step": 0, "_wandb": {"runtime": 0}}