{"accuracy": 0.44091903719912473, "loss": 5.92128092959089, "_timestamp": 1698070358.0664952, "_runtime": 7.729779243469238, "_step": 99, "_wandb": {"runtime": 5}}