{"Accuracy": 0.8, "_timestamp": 1699815358.4791114, "_runtime": 1.8070313930511475, "_step": 0, "_wandb": {"runtime": 0}}