{"MSE": 16.947940205661574, "RMSE": 4.116787607548096, "R-squared": 0.7956943278816753, "_timestamp": 1699769658.12342, "_runtime": 1.7781200408935547, "_step": 0, "_wandb": {"runtime": 0}}