{"MSE": 17.32745548450595, "RMSE": 4.162626032266885, "R-squared": 0.7911193103171472, "_timestamp": 1699768370.670168, "_runtime": 1.848099946975708, "_step": 0, "_wandb": {"runtime": 0}}