{"acc": 0.421, "loss": 0.23, "_timestamp": 1698065783.8345864, "_runtime": 10.80857229232788, "_step": 499, "_wandb": {"runtime": 8}}