{"acc": 0.345, "loss": 0.258, "_timestamp": 1698067533.7664957, "_runtime": 6.988063812255859, "_step": 99, "_wandb": {"runtime": 5}}