{"MSE": 11.61421023965142, "RMSE": 3.407962769698551, "R-squared": 0.8599918927998786, "_timestamp": 1699821007.5076923, "_runtime": 1.6908583641052246, "_step": 0, "_wandb": {"runtime": 0}}