{"accuracy": 0.3599562363238512, "loss": 5.593465087570752, "_timestamp": 1698070561.8197713, "_runtime": 12.01541519165039, "_step": 699, "_wandb": {"runtime": 10}}