{"MSE": 15.640567493244255, "RMSE": 3.9548157344235717, "R-squared": 0.8114545711606993, "_timestamp": 1699769355.556038, "_runtime": 1.7382748126983643, "_step": 0, "_wandb": {"runtime": 0}}