{"accuracy": 0.486870897155361, "loss": 1.8019033942488154, "_timestamp": 1698069934.53089, "_runtime": 17.25191903114319, "_step": 749, "_wandb": {"runtime": 15}}