{"acc": 0.421, "loss": 0.23, "_timestamp": 1698066275.212379, "_runtime": 10.782351970672607, "_step": 499, "_wandb": {"runtime": 8}}