{"Accuracy": 0.8, "_timestamp": 1699814962.3791304, "_runtime": 1.7435343265533447, "_step": 0, "_wandb": {"runtime": 0}}