{"Accuracy": 0.782608695652174, "_timestamp": 1699814157.8287208, "_runtime": 1.7905428409576416, "_step": 0, "_wandb": {"runtime": 0}}