{"MSE": 8.10630633149978, "RMSE": 2.84715758810428, "R-squared": 0.9022793128039925, "_timestamp": 1699769434.6033409, "_runtime": 1.7176737785339355, "_step": 0, "_wandb": {"runtime": 0}}