{"Accuracy": 0.808695652173913, "_timestamp": 1699815595.5235894, "_runtime": 1.8496613502502441, "_step": 0, "_wandb": {"runtime": 0}}