{"MSE": 12.261484043455592, "RMSE": 3.5016401933173533, "R-squared": 0.8521890738185715, "_timestamp": 1699769057.0876174, "_runtime": 1.8484385013580322, "_step": 0, "_wandb": {"runtime": 0}}