{"accuracy": 54.54545454545454, "_timestamp": 1699704006.0716922, "_runtime": 2.6053922176361084, "_step": 0, "_wandb": {"runtime": 0}}