{"Accuracy": 0.6956521739130435, "_timestamp": 1699815427.733464, "_runtime": 1.790869951248169, "_step": 0, "_wandb": {"runtime": 0}}