{"accuracy": 53.84615384615385, "_timestamp": 1699704642.103786, "_runtime": 2.7408900260925293, "_step": 0, "_wandb": {"runtime": 0}}