{"MSE": 6.70308251352197, "RMSE": 2.5890311920720404, "R-squared": 0.9191950312798359, "_timestamp": 1699768382.848798, "_runtime": 1.755108118057251, "_step": 0, "_wandb": {"runtime": 0}}