{"Accuracy": 0.7652173913043478, "_timestamp": 1699814433.227686, "_runtime": 1.8388938903808594, "_step": 0, "_wandb": {"runtime": 0}}