{"Accuracy": 0.6869565217391305, "_timestamp": 1699815446.9172716, "_runtime": 1.9576895236968994, "_step": 0, "_wandb": {"runtime": 0}}