{"MSE": 10.679185305372847, "RMSE": 3.267902279042757, "R-squared": 0.8712635219965265, "_timestamp": 1699768929.2003376, "_runtime": 1.7764146327972412, "_step": 0, "_wandb": {"runtime": 0}}