{"Accuracy": 0.7739130434782608, "_timestamp": 1699814414.8291469, "_runtime": 1.7758028507232666, "_step": 0, "_wandb": {"runtime": 0}}