{"accuracy": 0.38293216630196936, "loss": 3.148218554504352, "_timestamp": 1698070279.9954762, "_runtime": 12.69759726524353, "_step": 799, "_wandb": {"runtime": 10}}