{"Accuracy": 0.7652173913043478, "_timestamp": 1699814662.1056178, "_runtime": 1.84440279006958, "_step": 0, "_wandb": {"runtime": 0}}