{"acc": 0.309, "loss": 0.279, "_timestamp": 1698067869.7596703, "_runtime": 6.944671154022217, "_step": 99, "_wandb": {"runtime": 4}}