{"Accuracy": 0.7304347826086957, "_timestamp": 1699815346.253686, "_runtime": 1.7913670539855957, "_step": 0, "_wandb": {"runtime": 0}}