{"MSE": 11.485021033285024, "RMSE": 3.388955743777871, "R-squared": 0.8615492553652896, "_timestamp": 1699767322.1256742, "_runtime": 1.8287222385406494, "_step": 0, "_wandb": {"runtime": 0}}