{"MSE": 11.558769107686524, "RMSE": 3.3998189816057156, "R-squared": 0.8606602299306236, "_timestamp": 1699768137.9493234, "_runtime": 1.8628063201904297, "_step": 0, "_wandb": {"runtime": 0}}