{"MSE": 8.327767946910095, "RMSE": 2.885787231746321, "R-squared": 0.8996096158593633, "_timestamp": 1699768985.390334, "_runtime": 2.312819004058838, "_step": 0, "_wandb": {"runtime": 0}}