{"accuracy": 54.1958041958042, "_timestamp": 1699704103.8244338, "_runtime": 2.8683347702026367, "_step": 0, "_wandb": {"runtime": 0}}