{"Accuracy": 0.7652173913043478, "_timestamp": 1699815315.2576926, "_runtime": 1.8459265232086182, "_step": 0, "_wandb": {"runtime": 0}}