{"accuracy": 56.29370629370629, "_timestamp": 1699705632.1236103, "_runtime": 43.252079248428345, "_step": 0, "_wandb": {"runtime": 41}}