{"accuracy": 0.3785557986870897, "loss": 13.224358778933244, "_timestamp": 1698072091.7582955, "_runtime": 10.768271446228027, "_step": 449, "_wandb": {"runtime": 8}}