{"MSE": 39.54901960784314, "RMSE": 6.2888011264344446, "R-squared": 0.5232406454973222, "_timestamp": 1699756254.4366674, "_runtime": 9.941039323806763, "_step": 0, "_wandb": {"runtime": 7}}