{"Accuracy": 0.7217391304347827, "_timestamp": 1699814745.9931262, "_runtime": 2.5046491622924805, "_step": 0, "_wandb": {"runtime": 0}}