{"MSE": 19.914116969813428, "RMSE": 4.462523610000672, "R-squared": 0.7599373727550953, "_timestamp": 1699769219.4496603, "_runtime": 1.7219512462615967, "_step": 0, "_wandb": {"runtime": 0}}