{"accuracy": 0.4026258205689278, "loss": 12.433202478264777, "_timestamp": 1698071590.4794097, "_runtime": 13.39078974723816, "_step": 849, "_wandb": {"runtime": 11}}