{"accuracy": 0.5601750547045952, "loss": 1.5097135240245705, "_timestamp": 1698069646.3110342, "_runtime": 13.785741090774536, "_step": 849, "_wandb": {"runtime": 11}}