{"MSE": 25.442812708205985, "RMSE": 5.044086905298717, "R-squared": 0.6932895155486676, "_timestamp": 1699821917.4058764, "_runtime": 10.810872316360474, "_step": 0, "_wandb": {"runtime": 9}}