{"Accuracy": 0.7478260869565218, "_timestamp": 1699815641.854944, "_runtime": 2.627185106277466, "_step": 0, "_wandb": {"runtime": 0}}