{"MSE": 20.028311839485728, "RMSE": 4.475300195460158, "R-squared": 0.7585607653728561, "_timestamp": 1699769262.387238, "_runtime": 1.7662839889526367, "_step": 0, "_wandb": {"runtime": 0}}