{"MSE": 16.65179364817362, "RMSE": 4.080660932762439, "R-squared": 0.7992643441042304, "_timestamp": 1699768614.592622, "_runtime": 1.778097152709961, "_step": 0, "_wandb": {"runtime": 0}}