{"Accuracy": 0.7565217391304347, "_timestamp": 1699815402.8951895, "_runtime": 1.826873540878296, "_step": 0, "_wandb": {"runtime": 0}}