{"MSE": 16.812151284834922, "RMSE": 4.100262343415958, "R-squared": 0.7973312493245799, "_timestamp": 1699767808.994756, "_runtime": 1.817418098449707, "_step": 0, "_wandb": {"runtime": 0}}