{"MSE": 8.558464465803182, "RMSE": 2.925485338504225, "R-squared": 0.8968285931052197, "_timestamp": 1699769576.9938378, "_runtime": 1.7635388374328613, "_step": 0, "_wandb": {"runtime": 0}}