{"accuracy": 53.4965034965035, "_timestamp": 1699703864.5806365, "_runtime": 3.071796417236328, "_step": 0, "_wandb": {"runtime": 0}}