{"MSE": 8.272679674281662, "RMSE": 2.8762266381983292, "R-squared": 0.9002736993071813, "_timestamp": 1699767950.689488, "_runtime": 1.7425658702850342, "_step": 0, "_wandb": {"runtime": 0}}