{"accuracy": 0.36323851203501095, "loss": 11.864071340845312, "_timestamp": 1698072185.3262675, "_runtime": 12.694645404815674, "_step": 699, "_wandb": {"runtime": 10}}