{"accuracy": 51.048951048951054, "_timestamp": 1699703996.7999375, "_runtime": 7.974176406860352, "_step": 0, "_wandb": {"runtime": 0}}