{"accuracy": 0.32166301969365424, "loss": 9.111133640589, "_timestamp": 1698070850.3028166, "_runtime": 11.20713758468628, "_step": 599, "_wandb": {"runtime": 9}}