{"MSE": 17.1603058747819, "RMSE": 4.142499954711153, "R-squared": 0.7931342816319256, "_timestamp": 1699768065.3506916, "_runtime": 1.7418675422668457, "_step": 0, "_wandb": {"runtime": 0}}