{"Accuracy": 0.7391304347826086, "_timestamp": 1699815396.3974905, "_runtime": 2.015467405319214, "_step": 0, "_wandb": {"runtime": 0}}