{"MSE": 9.381273687660075, "RMSE": 3.0628864960458584, "R-squared": 0.8869097127541743, "_timestamp": 1699768181.495245, "_runtime": 1.8010070323944092, "_step": 0, "_wandb": {"runtime": 0}}