{"accuracy": 0.4442013129102845, "loss": 10.016899397643432, "_timestamp": 1698070869.7710645, "_runtime": 11.943822622299194, "_step": 649, "_wandb": {"runtime": 9}}