{"MSE": 28.114338019054724, "RMSE": 5.3022955424094125, "R-squared": 0.6610845533178156, "_timestamp": 1699768193.2965586, "_runtime": 1.7454555034637451, "_step": 0, "_wandb": {"runtime": 0}}