{"accuracy": 0.4059080962800875, "loss": 11.20944358282856, "_timestamp": 1698071804.2323248, "_runtime": 11.086914777755737, "_step": 549, "_wandb": {"runtime": 9}}