{"Accuracy": 0.7217391304347827, "_timestamp": 1699815142.1497414, "_runtime": 1.775895357131958, "_step": 0, "_wandb": {"runtime": 0}}