{"acc": 0.422, "loss": 0.231, "_timestamp": 1698066528.973779, "_runtime": 11.088132858276367, "_step": 499, "_wandb": {"runtime": 8}}