{"Accuracy": 0.7391304347826086, "_timestamp": 1699814100.1444829, "_runtime": 1.7654469013214111, "_step": 0, "_wandb": {"runtime": 0}}