{"accuracy": 53.84615384615385, "_timestamp": 1699703772.9302433, "_runtime": 3.0634641647338867, "_step": 0, "_wandb": {"runtime": 0}}