{"MSE": 10.873507315490622, "RMSE": 3.297500161560363, "R-squared": 0.8689209901960406, "_timestamp": 1699768236.1098106, "_runtime": 1.754603624343872, "_step": 0, "_wandb": {"runtime": 0}}