{"MSE": 14.38194262957742, "RMSE": 3.792353178381125, "R-squared": 0.8266271641481578, "_timestamp": 1699768763.9580817, "_runtime": 1.8638007640838623, "_step": 0, "_wandb": {"runtime": 0}}