{"acc": 0.422, "loss": 0.231, "_timestamp": 1698065747.7913697, "_runtime": 11.094846725463867, "_step": 499, "_wandb": {"runtime": 9}}