{"acc": 0.538, "loss": 0.198, "_timestamp": 1698067459.7194624, "_runtime": 6.952674388885498, "_step": 99, "_wandb": {"runtime": 4}}