{"MSE": 7.632307542412684, "RMSE": 2.7626631250322005, "R-squared": 0.9079933193447615, "_timestamp": 1699769044.667707, "_runtime": 1.7745530605316162, "_step": 0, "_wandb": {"runtime": 0}}