{"acc": 0.421, "loss": 0.23, "_timestamp": 1698065327.0486243, "_runtime": 10.56866717338562, "_step": 499, "_wandb": {"runtime": 8}}