{"accuracy": 54.89510489510489, "_timestamp": 1699705891.104641, "_runtime": 2.3029470443725586, "_step": 0, "_wandb": {"runtime": 0}}