{"MSE": 13.572616729213514, "RMSE": 3.684103246274935, "R-squared": 0.8363835044485195, "_timestamp": 1699768107.4933696, "_runtime": 1.6703596115112305, "_step": 0, "_wandb": {"runtime": 0}}