{"MSE": 69.65921568627452, "RMSE": 8.346209659856054, "R-squared": 0.16026533565032053, "_timestamp": 1699756240.533852, "_runtime": 10.997744083404541, "_step": 0, "_wandb": {"runtime": 9}}