{"acc": 0.422, "loss": 0.23, "_timestamp": 1698065874.8501036, "_runtime": 11.00943660736084, "_step": 499, "_wandb": {"runtime": 318}}