{"Accuracy": 0.782608695652174, "_timestamp": 1699814483.737368, "_runtime": 1.8213181495666504, "_step": 0, "_wandb": {"runtime": 0}}