{"accuracy": 53.84615384615385, "_timestamp": 1699704523.6253843, "_runtime": 3.3192074298858643, "_step": 0, "_wandb": {"runtime": 0}}