{"MSE": 6.9868935637003595, "RMSE": 2.6432732669363492, "R-squared": 0.9157737183263046, "_timestamp": 1699768339.2994995, "_runtime": 1.750211477279663, "_step": 0, "_wandb": {"runtime": 0}}