{"Accuracy": 0.8, "_timestamp": 1699815473.2296734, "_runtime": 2.0043933391571045, "_step": 0, "_wandb": {"runtime": 0}}