{"accuracy": 53.84615384615385, "_timestamp": 1699705021.3935535, "_runtime": 2.804558515548706, "_step": 0, "_wandb": {"runtime": 0}}