{"MSE": 10.092920436783775, "RMSE": 3.176935699189358, "R-squared": 0.8783308845528588, "_timestamp": 1699769287.359414, "_runtime": 1.7275362014770508, "_step": 0, "_wandb": {"runtime": 0}}