{"MSE": 16.650306679727304, "RMSE": 4.0804787316842255, "R-squared": 0.7992822693555681, "_timestamp": 1699821951.3219898, "_runtime": 27.698179721832275, "_step": 0, "_wandb": {"runtime": 26}}