{"accuracy": 0.3796498905908096, "loss": 12.455630050447013, "_timestamp": 1698071902.3480613, "_runtime": 13.585444211959839, "_step": 799, "_wandb": {"runtime": 11}}