{"MSE": 7.606786804766032, "RMSE": 2.7580403921563645, "R-squared": 0.908300969206313, "_timestamp": 1699769534.4271653, "_runtime": 1.8255631923675537, "_step": 0, "_wandb": {"runtime": 0}}