{"MSE": 26.15207302358677, "RMSE": 5.113909759038261, "R-squared": 0.6847394555601198, "_timestamp": 1699821067.381814, "_runtime": 13.823088884353638, "_step": 0, "_wandb": {"runtime": 11}}