{"accuracy": 51.74825174825175, "_timestamp": 1699705375.6944509, "_runtime": 2.6698198318481445, "_step": 0, "_wandb": {"runtime": 0}}