{"MSE": 15.580127545482222, "RMSE": 3.947167027816561, "R-squared": 0.8121831685005809, "_timestamp": 1699769114.4662318, "_runtime": 1.7742557525634766, "_step": 0, "_wandb": {"runtime": 0}}