{"Accuracy": 0.7043478260869566, "_timestamp": 1699814616.2164812, "_runtime": 1.9332032203674316, "_step": 0, "_wandb": {"runtime": 0}}