{"Accuracy": 0.7217391304347827, "_timestamp": 1699815041.955818, "_runtime": 1.7556979656219482, "_step": 0, "_wandb": {"runtime": 0}}