{"MSE": 10.42837828846938, "RMSE": 3.229299968796547, "R-squared": 0.8742869747311153, "_timestamp": 1699756362.4147003, "_runtime": 14.744677305221558, "_step": 0, "_wandb": {"runtime": 12}}