{"Accuracy": 0.7739130434782608, "_timestamp": 1699815529.904664, "_runtime": 1.9781639575958252, "_step": 0, "_wandb": {"runtime": 0}}