{"acc": 0.421, "loss": 0.23, "_timestamp": 1698066258.1540754, "_runtime": 10.305842399597168, "_step": 499, "_wandb": {"runtime": 8}}