{"MSE": 9.377938240427868, "RMSE": 3.0623419535427243, "R-squared": 0.8869499212267274, "_timestamp": 1699768303.1363864, "_runtime": 1.7159173488616943, "_step": 0, "_wandb": {"runtime": 0}}