{"Accuracy": 0.782608695652174, "_timestamp": 1699814603.2323878, "_runtime": 1.9282798767089844, "_step": 0, "_wandb": {"runtime": 0}}