{"accuracy": 56.993006993006986, "_timestamp": 1699705165.8625927, "_runtime": 2.5993757247924805, "_step": 0, "_wandb": {"runtime": 0}}