{"MSE": 7.6831310193958435, "RMSE": 2.7718461391996208, "R-squared": 0.9073806475688152, "_timestamp": 1699767956.7284858, "_runtime": 1.7416949272155762, "_step": 0, "_wandb": {"runtime": 0}}