{"MSE": 8.791810463323014, "RMSE": 2.9650987274158367, "R-squared": 0.8940156311593495, "_timestamp": 1699768131.9813805, "_runtime": 1.8011994361877441, "_step": 0, "_wandb": {"runtime": 0}}