{"MSE": 24.725902921954976, "RMSE": 4.9725147482893375, "R-squared": 0.7019317891200181, "_timestamp": 1699822356.573725, "_runtime": 10.124437093734741, "_step": 0, "_wandb": {"runtime": 8}}