{"MSE": 8.870896404016248, "RMSE": 2.978405010071036, "R-squared": 0.8930622582967851, "_timestamp": 1699767968.879363, "_runtime": 1.798306941986084, "_step": 0, "_wandb": {"runtime": 0}}