{"Accuracy": 0.7478260869565218, "_timestamp": 1699814649.8604038, "_runtime": 1.7898106575012207, "_step": 0, "_wandb": {"runtime": 0}}