{"Accuracy": 0.7391304347826086, "_timestamp": 1699814198.7103968, "_runtime": 1.7779898643493652, "_step": 0, "_wandb": {"runtime": 0}}