{"accuracy": 51.39860139860139, "_timestamp": 1699706046.7358327, "_runtime": 2.0968825817108154, "_step": 0, "_wandb": {"runtime": 0}}