{"accuracy": 0.33698030634573306, "loss": 10.744928477852705, "_timestamp": 1698071495.3697374, "_runtime": 11.349509477615356, "_step": 599, "_wandb": {"runtime": 9}}