{"Accuracy": 0.7739130434782608, "_timestamp": 1699815377.0521395, "_runtime": 1.867004632949829, "_step": 0, "_wandb": {"runtime": 0}}