{"acc": 0.421, "loss": 0.23, "_timestamp": 1698066383.8875287, "_runtime": 10.543907642364502, "_step": 499, "_wandb": {"runtime": 8}}