{"MSE": 16.29037639253337, "RMSE": 4.036133842247228, "R-squared": 0.8036211918646488, "_timestamp": 1699822123.0885286, "_runtime": 18.854707717895508, "_step": 0, "_wandb": {"runtime": 17}}