{"Accuracy": 0.7478260869565218, "_timestamp": 1699815079.1693625, "_runtime": 1.979771614074707, "_step": 0, "_wandb": {"runtime": 0}}