{"accuracy": 0.3533916849015317, "loss": 3.078852031037957, "_timestamp": 1698070067.1134677, "_runtime": 9.240424633026123, "_step": 199, "_wandb": {"runtime": 7}}