{"Accuracy": 0.7652173913043478, "_timestamp": 1699815092.01478, "_runtime": 1.876697063446045, "_step": 0, "_wandb": {"runtime": 0}}