{"accuracy": 0.3293216630196937, "loss": 10.111032281901645, "_timestamp": 1698071228.4070463, "_runtime": 12.265997409820557, "_step": 749, "_wandb": {"runtime": 10}}