{"accuracy": 0.45185995623632386, "loss": 5.637838048421517, "_timestamp": 1698070417.3569741, "_runtime": 9.069229125976562, "_step": 299, "_wandb": {"runtime": 7}}