{"loss (MSE) ": 33606.889, "_timestamp": 1698072450.0506816, "_runtime": 7.169440507888794, "_step": 69, "_wandb": {"runtime": 5}}