{"MSE": 30.700843375188306, "RMSE": 5.540834176835498, "R-squared": 0.6299044978768606, "_timestamp": 1699767920.7302966, "_runtime": 1.7238895893096924, "_step": 0, "_wandb": {"runtime": 0}}