{"MSE": 14.647339503059879, "RMSE": 3.827184278691043, "R-squared": 0.8234278321964896, "_timestamp": 1699768095.6922247, "_runtime": 1.7437896728515625, "_step": 0, "_wandb": {"runtime": 0}}