{"accuracy": 54.54545454545454, "_timestamp": 1699706063.5372767, "_runtime": 2.677081823348999, "_step": 0, "_wandb": {"runtime": 0}}