{"Accuracy": 0.7652173913043478, "_timestamp": 1699814564.7664928, "_runtime": 1.8658058643341064, "_step": 0, "_wandb": {"runtime": 0}}