{"Accuracy": 0.7565217391304347, "_timestamp": 1699814610.1841807, "_runtime": 1.7412726879119873, "_step": 0, "_wandb": {"runtime": 0}}