{"MSE": 25.89784859241372, "RMSE": 5.088992885867863, "R-squared": 0.6878041048714478, "_timestamp": 1699767611.8479834, "_runtime": 1.6643552780151367, "_step": 0, "_wandb": {"runtime": 0}}