{"MSE": 12.072981192476997, "RMSE": 3.4746195752164, "R-squared": 0.8544614562554966, "_timestamp": 1699820752.1585844, "_runtime": 1.8858022689819336, "_step": 0, "_wandb": {"runtime": 0}}