{"MSE": 17.399845627989368, "RMSE": 4.171312218953331, "R-squared": 0.7902466545997179, "_timestamp": 1699767827.31, "_runtime": 1.7234928607940674, "_step": 0, "_wandb": {"runtime": 0}}