{"acc": 0.527, "loss": 0.23, "_timestamp": 1698067915.3507662, "_runtime": 6.64478611946106, "_step": 99, "_wandb": {"runtime": 4}}