{"Accuracy": 0.6869565217391305, "_timestamp": 1699814322.584681, "_runtime": 1.7986769676208496, "_step": 0, "_wandb": {"runtime": 0}}