{"accuracy": 54.54545454545454, "_timestamp": 1699704831.1994932, "_runtime": 2.6064772605895996, "_step": 0, "_wandb": {"runtime": 0}}