{"Accuracy": 0.7043478260869566, "_timestamp": 1699815129.959665, "_runtime": 2.3208811283111572, "_step": 0, "_wandb": {"runtime": 0}}