{"Accuracy": 0.7739130434782608, "_timestamp": 1699815005.4595952, "_runtime": 1.8097403049468994, "_step": 0, "_wandb": {"runtime": 0}}