{"loss (MSE) ": 9221.47, "_timestamp": 1698072435.1578355, "_runtime": 6.853092432022095, "_step": 499, "_wandb": {"runtime": 4}}