{"accuracy": 0.40153172866520787, "loss": 9.508701201830347, "_timestamp": 1698070795.1055079, "_runtime": 10.175360918045044, "_step": 449, "_wandb": {"runtime": 8}}