{"accuracy": 0.43982494529540483, "loss": 11.996196563193767, "_timestamp": 1698072108.8886619, "_runtime": 11.216915845870972, "_step": 499, "_wandb": {"runtime": 9}}