{"accuracy": 0.5196936542669585, "loss": 1.6073108462575296, "_timestamp": 1698069816.3989086, "_runtime": 10.574288606643677, "_step": 449, "_wandb": {"runtime": 8}}