{"acc": 0.371, "loss": 0.239, "_timestamp": 1698067237.163961, "_runtime": 6.806814908981323, "_step": 99, "_wandb": {"runtime": 4}}