{"Accuracy": 0.7739130434782608, "_timestamp": 1699815667.499001, "_runtime": 1.816169023513794, "_step": 0, "_wandb": {"runtime": 0}}