{"MSE": 19.89462903867268, "RMSE": 4.460339565400002, "R-squared": 0.7601722977561038, "_timestamp": 1699768457.4920392, "_runtime": 1.674206256866455, "_step": 0, "_wandb": {"runtime": 0}}