{"MSE": 11.650000000000004, "RMSE": 3.413209633175203, "R-squared": 0.859560450928227, "_timestamp": 1699821241.042245, "_runtime": 1.885697841644287, "_step": 0, "_wandb": {"runtime": 0}}