{"accuracy": 0.3227571115973742, "loss": 9.833607300574261, "_timestamp": 1698071208.3579698, "_runtime": 11.878707647323608, "_step": 699, "_wandb": {"runtime": 9}}