{"acc": 0.422, "loss": 0.23, "_timestamp": 1698066292.7838814, "_runtime": 11.633718490600586, "_step": 499, "_wandb": {"runtime": 9}}