{"accuracy": 0.3490153172866521, "loss": 11.375928607114561, "_timestamp": 1698071246.5785763, "_runtime": 12.610534429550171, "_step": 799, "_wandb": {"runtime": 10}}