{"MSE": 14.545841415751656, "RMSE": 3.8139010757689635, "R-squared": 0.8246513811761647, "_timestamp": 1699769664.0330114, "_runtime": 1.8187344074249268, "_step": 0}