{"accuracy": 0.4310722100656455, "loss": 12.004562561400883, "_timestamp": 1698072040.249055, "_runtime": 9.423226833343506, "_step": 299, "_wandb": {"runtime": 7}}