{"Accuracy": 0.7478260869565218, "_timestamp": 1699814688.5362885, "_runtime": 1.8021154403686523, "_step": 0, "_wandb": {"runtime": 0}}