{"accuracy": 0.33698030634573306, "loss": 5.234441464029345, "_timestamp": 1698070387.031536, "_runtime": 8.290747165679932, "_step": 199, "_wandb": {"runtime": 6}}