{"Accuracy": 0.7043478260869566, "_timestamp": 1699814402.8317983, "_runtime": 1.6877644062042236, "_step": 0, "_wandb": {"runtime": 0}}