{"MSE": 7.378124113129558, "RMSE": 2.716270257748584, "R-squared": 0.911057474382533, "_timestamp": 1699768638.7535422, "_runtime": 1.8272762298583984, "_step": 0, "_wandb": {"runtime": 0}}