{"acc": 0.524, "loss": 0.21, "_timestamp": 1698067266.9120958, "_runtime": 6.891110897064209, "_step": 99, "_wandb": {"runtime": 5}}