{"MSE": 12.660784038037546, "RMSE": 3.5581995500586454, "R-squared": 0.8473755535453138, "_timestamp": 1699820872.3465326, "_runtime": 1.7622745037078857, "_step": 0, "_wandb": {"runtime": 0}}