{"MSE": 10.825882352941177, "RMSE": 3.2902708631571924, "R-squared": 0.869495104210204, "_timestamp": 1699821959.6666057, "_runtime": 1.8106296062469482, "_step": 0, "_wandb": {"runtime": 0}}