{"MSE": 10.239925656594837, "RMSE": 3.1999883838218595, "R-squared": 0.8765587517819178, "_timestamp": 1699767999.4847155, "_runtime": 1.737020492553711, "_step": 0, "_wandb": {"runtime": 0}}