{"Accuracy": 0.7391304347826086, "_timestamp": 1699815066.8378103, "_runtime": 2.2349143028259277, "_step": 0, "_wandb": {"runtime": 0}}