{"MSE": 7.3911236452613025, "RMSE": 2.7186621057537295, "R-squared": 0.9109007663627282, "_timestamp": 1699768793.8324094, "_runtime": 1.773874282836914, "_step": 0, "_wandb": {"runtime": 0}}