{"acc": 0.348, "loss": 0.256, "_timestamp": 1698067884.4748812, "_runtime": 6.897221088409424, "_step": 99, "_wandb": {"runtime": 4}}