{"acc": 0.421, "loss": 0.231, "_timestamp": 1698065670.0651906, "_runtime": 11.002396583557129, "_step": 499, "_wandb": {"runtime": 8}}