{"accuracy": 0.3730853391684901, "loss": 11.479236059765478, "_timestamp": 1698071534.0761473, "_runtime": 12.18245530128479, "_step": 699, "_wandb": {"runtime": 10}}