{"MSE": 12.554339605106426, "RMSE": 3.5432103529294485, "R-squared": 0.848658730211584, "_timestamp": 1699768444.6286101, "_runtime": 2.069094181060791, "_step": 0, "_wandb": {"runtime": 0}}