{"MSE": 19.17455643898228, "RMSE": 4.378876161640368, "R-squared": 0.7688526987174308, "_timestamp": 1699820961.1268055, "_runtime": 28.703015565872192, "_step": 0, "_wandb": {"runtime": 27}}