{"accuracy": 0.3949671772428884, "loss": 12.090060503913083, "_timestamp": 1698071633.4081988, "_runtime": 14.015240907669067, "_step": 949, "_wandb": {"runtime": 12}}