{"loss (MSE) ": 57168.733, "_timestamp": 1698070219.9809747, "_runtime": 7.062249660491943, "_step": 81}