{"accuracy": 0.3949671772428884, "loss": 11.204907521518754, "_timestamp": 1698071694.18821, "_runtime": 8.543109893798828, "_step": 249, "_wandb": {"runtime": 6}}