{"Accuracy": 0.8173913043478261, "_timestamp": 1699815542.8599622, "_runtime": 1.897160291671753, "_step": 0, "_wandb": {"runtime": 0}}