{"MSE": 17.270762769165376, "RMSE": 4.155810723452811, "R-squared": 0.7918027351564678, "_timestamp": 1699767663.2907372, "_runtime": 2.0253920555114746, "_step": 0, "_wandb": {"runtime": 0}}