{"Accuracy": 0.6956521739130435, "_timestamp": 1699814522.171055, "_runtime": 1.7263541221618652, "_step": 0, "_wandb": {"runtime": 0}}