{"accuracy": 0.40919037199124725, "loss": 11.260122276595927, "_timestamp": 1698071922.851715, "_runtime": 13.390597105026245, "_step": 849, "_wandb": {"runtime": 11}}