{"accuracy": 0.40043763676148797, "loss": 11.423578656226235, "_timestamp": 1698071746.5573425, "_runtime": 10.744462490081787, "_step": 399, "_wandb": {"runtime": 8}}