{"MSE": 19.189707323323375, "RMSE": 4.380605816930276, "R-squared": 0.768670056368512, "_timestamp": 1699767789.4633207, "_runtime": 2.0922837257385254, "_step": 0, "_wandb": {"runtime": 0}}