{"accuracy": 52.44755244755245, "_timestamp": 1699704730.4817832, "_runtime": 47.254390239715576, "_step": 0, "_wandb": {"runtime": 43}}