{"MSE": 14.874070469545977, "RMSE": 3.856691648232456, "R-squared": 0.8206946137678274, "_timestamp": 1699767975.0562975, "_runtime": 1.773660659790039, "_step": 0, "_wandb": {"runtime": 0}}