{"MSE": 14.787942114346082, "RMSE": 3.8455093439421106, "R-squared": 0.8217328822113095, "_timestamp": 1699768071.1878738, "_runtime": 1.674872875213623, "_step": 0, "_wandb": {"runtime": 0}}