{"MSE": 17.57119706155818, "RMSE": 4.191801171520207, "R-squared": 0.7881810307316315, "_timestamp": 1699767383.134868, "_runtime": 1.7435829639434814, "_step": 0, "_wandb": {"runtime": 0}}