{"Accuracy": 0.8, "_timestamp": 1699815136.1025636, "_runtime": 1.8631465435028076, "_step": 0, "_wandb": {"runtime": 0}}