{"Accuracy": 0.6, "_timestamp": 1699757088.3279822, "_runtime": 4.538121223449707, "_step": 0, "_wandb": {"runtime": 2}}