{"MSE": 21.232461945638274, "RMSE": 4.607869566908147, "R-squared": 0.7440448599717582, "_timestamp": 1699821990.935294, "_runtime": 1.8234570026397705, "_step": 0, "_wandb": {"runtime": 0}}