{"loss (MSE) ": 25963940110.498, "_timestamp": 1698074423.8855782, "_runtime": 5.984541177749634, "_step": 0, "_wandb": {"runtime": 5}}