{"MSE": 11.379114655254426, "RMSE": 3.373294332733867, "R-squared": 0.8628259458351988, "_timestamp": 1699769155.921345, "_runtime": 1.8399879932403564, "_step": 0, "_wandb": {"runtime": 0}}