{"MSE": 12.549472276454212, "RMSE": 3.542523433437556, "R-squared": 0.8487174053567429, "_timestamp": 1699821342.8460386, "_runtime": 1.7921316623687744, "_step": 0, "_wandb": {"runtime": 0}}