{"MSE": 6.961120984750669, "RMSE": 2.6383936371873453, "R-squared": 0.9160844041088034, "_timestamp": 1699768725.7611525, "_runtime": 1.9821484088897705, "_step": 0, "_wandb": {"runtime": 0}}