{"MSE": 7.531865686386474, "RMSE": 2.7444244727057936, "R-squared": 0.9092041355652124, "_timestamp": 1699767407.9150639, "_runtime": 1.789078950881958, "_step": 0, "_wandb": {"runtime": 0}}