{"Accuracy": 0.782608695652174, "_timestamp": 1699815321.765922, "_runtime": 1.7918190956115723, "_step": 0, "_wandb": {"runtime": 0}}