{"Accuracy": 0.7652173913043478, "_timestamp": 1699814931.8757746, "_runtime": 1.946312665939331, "_step": 0, "_wandb": {"runtime": 0}}