{"MSE": 17.91318015138985, "RMSE": 4.232396502147436, "R-squared": 0.7840584598366847, "_timestamp": 1699769465.1670828, "_runtime": 1.8210887908935547, "_step": 0, "_wandb": {"runtime": 0}}