{"accuracy": 0.36214442013129106, "loss": 2.7625772437799254, "_timestamp": 1698070052.1554897, "_runtime": 10.950692653656006, "_step": 149, "_wandb": {"runtime": 8}}