{"accuracy": 55.59440559440559, "_timestamp": 1699705355.6770904, "_runtime": 2.3088924884796143, "_step": 0, "_wandb": {"runtime": 0}}