{"MSE": 14.10450980392157, "RMSE": 3.755597130140768, "R-squared": 0.8299715882625626, "_timestamp": 1699756281.0365362, "_runtime": 8.972354173660278, "_step": 0, "_wandb": {"runtime": 7}}