{"Accuracy": 0.782608695652174, "_timestamp": 1699814981.64388, "_runtime": 1.7212188243865967, "_step": 0, "_wandb": {"runtime": 0}}