{"MSE": 7.590289655580534, "RMSE": 2.7550480314470986, "R-squared": 0.9084998406391526, "_timestamp": 1699769281.3679543, "_runtime": 1.8529503345489502, "_step": 0, "_wandb": {"runtime": 0}}