{"loss (MSE) ": 3742.819, "_timestamp": 1698072406.7488732, "_runtime": 6.709808349609375, "_step": 499, "_wandb": {"runtime": 5}}