{"MSE": 16.586277362624198, "RMSE": 4.072625364875119, "R-squared": 0.8000541361728499, "_timestamp": 1699768199.4404893, "_runtime": 1.842820405960083, "_step": 0, "_wandb": {"runtime": 0}}