{"acc": 0.347, "loss": 0.217, "_timestamp": 1698068083.3548405, "_runtime": 6.766339540481567, "_step": 99, "_wandb": {"runtime": 4}}