{"accuracy": 54.1958041958042, "_timestamp": 1699705549.2424989, "_runtime": 2.258035898208618, "_step": 0, "_wandb": {"runtime": 0}}