{"accuracy": 0.45295404814004375, "loss": 5.731646236835673, "_timestamp": 1698070620.8878555, "_runtime": 13.212684631347656, "_step": 849, "_wandb": {"runtime": 11}}