{"Accuracy": 0.7043478260869566, "_timestamp": 1699814880.549399, "_runtime": 1.7787549495697021, "_step": 0, "_wandb": {"runtime": 0}}