{"MSE": 14.08334369182994, "RMSE": 3.7527781298432688, "R-squared": 0.8302267435619404, "_timestamp": 1699767371.3952358, "_runtime": 1.7614638805389404, "_step": 0, "_wandb": {"runtime": 0}}