{"acc": 0.006, "loss": 0.283, "_timestamp": 1698067176.5139222, "_runtime": 6.613582134246826, "_step": 99, "_wandb": {"runtime": 4}}