{"accuracy": 51.39860139860139, "_timestamp": 1699704812.4434104, "_runtime": 29.524603366851807, "_step": 0, "_wandb": {"runtime": 26}}