{"MSE": 29.184775149360647, "RMSE": 5.402293508257456, "R-squared": 0.6481805440568846, "_timestamp": 1699821205.8903325, "_runtime": 6.036490440368652, "_step": 0, "_wandb": {"runtime": 4}}