{"Accuracy": 0.7217391304347827, "_timestamp": 1699815011.2172594, "_runtime": 1.7023885250091553, "_step": 0, "_wandb": {"runtime": 0}}