{"MSE": 10.845690125548566, "RMSE": 3.293279539539358, "R-squared": 0.8692563235532857, "_timestamp": 1699767751.529107, "_runtime": 1.7180380821228027, "_step": 0, "_wandb": {"runtime": 0}}