{"Accuracy": 0.7913043478260869, "_timestamp": 1699815561.9924772, "_runtime": 1.9441511631011963, "_step": 0, "_wandb": {"runtime": 0}}