{"acc": 0.422, "loss": 0.236, "_timestamp": 1698065766.033569, "_runtime": 10.806311130523682, "_step": 499, "_wandb": {"runtime": 8}}