{"Accuracy": 0.7304347826086957, "_timestamp": 1699814763.7030025, "_runtime": 1.6943135261535645, "_step": 0, "_wandb": {"runtime": 0}}