{"accuracy": 0.3172866520787746, "loss": 3.0162486496091576, "_timestamp": 1698070113.6379783, "_runtime": 9.962188243865967, "_step": 349, "_wandb": {"runtime": 8}}