{"accuracy": 0.5733041575492341, "loss": 1.4129431542306465, "_timestamp": 1698069488.181001, "_runtime": 10.69333791732788, "_step": 449, "_wandb": {"runtime": 8}}