{"acc": 0.378, "loss": 0.277, "_timestamp": 1698067854.666837, "_runtime": 6.7856528759002686, "_step": 99, "_wandb": {"runtime": 4}}