{"MSE": 9.360321713297449, "RMSE": 3.059464285344323, "R-squared": 0.887162286645303, "_timestamp": 1699767309.6468027, "_runtime": 1.0264067649841309, "_step": 0, "_wandb": {"runtime": 0}}