{"accuracy": 0.5798687089715536, "loss": 1.3830813270637072, "_timestamp": 1698069388.8483124, "_runtime": 8.0282883644104, "_step": 149, "_wandb": {"runtime": 6}}