{"Accuracy": 0.7652173913043478, "_timestamp": 1699814999.427419, "_runtime": 1.7234158515930176, "_step": 0, "_wandb": {"runtime": 0}}