{"MSE": 13.391172711127046, "RMSE": 3.659395129133645, "R-squared": 0.8385707933825826, "_timestamp": 1699821358.7457316, "_runtime": 2.246830701828003, "_step": 0, "_wandb": {"runtime": 0}}