{"acc": 0.466, "loss": 0.144, "_timestamp": 1698068024.9476275, "_runtime": 8.097238540649414, "_step": 99, "_wandb": {"runtime": 4}}