{"accuracy": 0.513129102844639, "loss": 1.4958649084547464, "_timestamp": 1698069404.4794288, "_runtime": 9.00478982925415, "_step": 199, "_wandb": {"runtime": 7}}