{"MSE": 10.588057532678663, "RMSE": 3.2539295525070395, "R-squared": 0.8723620579025424, "_timestamp": 1699820625.9335394, "_runtime": 1.7783215045928955, "_step": 0, "_wandb": {"runtime": 0}}