{"MSE": 11.138227450980395, "RMSE": 3.337398305713658, "R-squared": 0.8657298162511133, "_timestamp": 1699822165.7033925, "_runtime": 1.8117403984069824, "_step": 0, "_wandb": {"runtime": 0}}