{"MSE": 11.85699746498471, "RMSE": 3.4433991149712386, "R-squared": 0.8570651178259564, "_timestamp": 1699822292.5138624, "_runtime": 1.8387782573699951, "_step": 0, "_wandb": {"runtime": 0}}