{"Accuracy": 0.7304347826086957, "_timestamp": 1699814757.881552, "_runtime": 1.8772010803222656, "_step": 0, "_wandb": {"runtime": 0}}