{"MSE": 10.273802939420623, "RMSE": 3.20527735764327, "R-squared": 0.8761503646296577, "_timestamp": 1699768162.3849685, "_runtime": 1.7401444911956787, "_step": 0, "_wandb": {"runtime": 0}}