{"MSE": 11.60490879485567, "RMSE": 3.4065978328613533, "R-squared": 0.8601040207580617, "_timestamp": 1699822299.7844017, "_runtime": 1.7889056205749512, "_step": 0, "_wandb": {"runtime": 0}}