{"Accuracy": 0.782608695652174, "_timestamp": 1699814271.8267596, "_runtime": 1.771998643875122, "_step": 0, "_wandb": {"runtime": 0}}