{"acc": 0.417, "loss": 0.246, "_timestamp": 1698067206.3165836, "_runtime": 7.142676591873169, "_step": 99, "_wandb": {"runtime": 5}}