{"MSE": 27.347972348593157, "RMSE": 5.229528884000275, "R-squared": 0.6703230124752155, "_timestamp": 1699821282.1526515, "_runtime": 10.862486600875854, "_step": 0, "_wandb": {"runtime": 9}}