{"MSE": 12.426762705082036, "RMSE": 3.5251613729135913, "R-squared": 0.8501966565902449, "_timestamp": 1699822409.0405886, "_runtime": 1.7097136974334717, "_step": 0, "_wandb": {"runtime": 0}}