{"Accuracy": 0.6956521739130435, "_timestamp": 1699814366.436681, "_runtime": 1.7332041263580322, "_step": 0, "_wandb": {"runtime": 0}}