{"accuracy": 51.74825174825175, "_timestamp": 1699704415.5780041, "_runtime": 8.016393184661865, "_step": 0, "_wandb": {"runtime": 0}}