{"MSE": 12.941027125225848, "RMSE": 3.5973639133712685, "R-squared": 0.8439972520178283, "_timestamp": 1699769588.789926, "_runtime": 1.778825044631958, "_step": 0, "_wandb": {"runtime": 0}}