{"accuracy": 0.3916849015317287, "loss": 11.860270621058888, "_timestamp": 1698071662.8840308, "_runtime": 7.7608888149261475, "_step": 149, "_wandb": {"runtime": 5}}