{"acc": 0.422, "loss": 0.231, "_timestamp": 1698064007.7796047, "_runtime": 9.840598583221436, "_step": 499, "_wandb": {"runtime": 8}}