{"MSE": 16.137355258488746, "RMSE": 4.017132716066118, "R-squared": 0.805465845861531, "_timestamp": 1699820839.946292, "_runtime": 31.065425872802734, "_step": 0, "_wandb": {"runtime": 29}}