{"accuracy": 56.29370629370629, "_timestamp": 1699703855.2409513, "_runtime": 3.4192821979522705, "_step": 0, "_wandb": {"runtime": 0}}