{"MSE": 8.316102520987549, "RMSE": 2.883765337364944, "R-squared": 0.8997502413663412, "_timestamp": 1699767631.412488, "_runtime": 1.7776908874511719, "_step": 0, "_wandb": {"runtime": 0}}