{"Accuracy": 0.7391304347826086, "_timestamp": 1699814571.2831173, "_runtime": 1.7986242771148682, "_step": 0, "_wandb": {"runtime": 0}}