{"MSE": 21.232461945638267, "RMSE": 4.607869566908146, "R-squared": 0.7440448599717582, "_timestamp": 1699821503.2786565, "_runtime": 1.8304944038391113, "_step": 0, "_wandb": {"runtime": 0}}