{"MSE": 7.7448020350909745, "RMSE": 2.7829484427655093, "R-squared": 0.9066372098319033, "_timestamp": 1699768695.6609597, "_runtime": 1.8107898235321045, "_step": 0, "_wandb": {"runtime": 0}}