{"MSE": 18.379240219585487, "RMSE": 4.287101610597245, "R-squared": 0.7784401537579074, "_timestamp": 1699769595.151153, "_runtime": 1.8450679779052734, "_step": 0, "_wandb": {"runtime": 0}}