{"MSE": 18.289850602515365, "RMSE": 4.276663489510879, "R-squared": 0.7795177363770512, "_timestamp": 1699768818.0510364, "_runtime": 1.7243633270263672, "_step": 0, "_wandb": {"runtime": 0}}