{"MSE": 15.558280412758151, "RMSE": 3.9443986123055756, "R-squared": 0.8124465334334805, "_timestamp": 1699769502.628396, "_runtime": 1.87015700340271, "_step": 0, "_wandb": {"runtime": 0}}