{"acc": 0.422, "loss": 0.231, "_timestamp": 1698066328.7360013, "_runtime": 11.124863147735596, "_step": 499, "_wandb": {"runtime": 9}}