{"Accuracy": 0.7913043478260869, "_timestamp": 1699815213.6895137, "_runtime": 1.7571897506713867, "_step": 0, "_wandb": {"runtime": 0}}