{"MSE": 35.43292620396925, "RMSE": 5.952556274741907, "R-squared": 0.5728597271777811, "_timestamp": 1699767926.7362192, "_runtime": 1.7387182712554932, "_step": 0, "_wandb": {"runtime": 0}}