{"Accuracy": 0.7652173913043478, "_timestamp": 1699815459.358839, "_runtime": 1.844641923904419, "_step": 0, "_wandb": {"runtime": 0}}