{"Accuracy": 0.8, "_timestamp": 1699815505.3841095, "_runtime": 1.8984794616699219, "_step": 0, "_wandb": {"runtime": 0}}