{"accuracy": 0.3993435448577681, "loss": 12.64565061027508, "_timestamp": 1698072590.8745542, "_runtime": 13.569932222366333, "_step": 899, "_wandb": {"runtime": 11}}