{"MSE": 14.445629478107648, "RMSE": 3.80074064862464, "R-squared": 0.825859425754219, "_timestamp": 1699767669.6683526, "_runtime": 1.8046095371246338, "_step": 0, "_wandb": {"runtime": 0}}