{"MSE": 13.947828806518546, "RMSE": 3.734679210657663, "R-squared": 0.8318603615349571, "_timestamp": 1699768812.0985327, "_runtime": 1.768373727798462, "_step": 0, "_wandb": {"runtime": 0}}