{"MSE": 11.221032276251506, "RMSE": 3.3497809295909944, "R-squared": 0.86473161261832, "_timestamp": 1699768494.4804957, "_runtime": 1.7470667362213135, "_step": 0, "_wandb": {"runtime": 0}}