{"acc": 0.422, "loss": 0.23, "_timestamp": 1698065819.6976225, "_runtime": 11.246572494506836, "_step": 499, "_wandb": {"runtime": 9}}