{"accuracy": 54.1958041958042, "_timestamp": 1699704987.4774864, "_runtime": 3.4288742542266846, "_step": 0, "_wandb": {"runtime": 0}}