{"Accuracy": 0.7304347826086957, "_timestamp": 1699814925.3102639, "_runtime": 1.885157823562622, "_step": 0, "_wandb": {"runtime": 0}}