{"MSE": 11.076728827524748, "RMSE": 3.3281719948831894, "R-squared": 0.866471175817349, "_timestamp": 1699821842.4906046, "_runtime": 1.7196826934814453, "_step": 0, "_wandb": {"runtime": 0}}