{"Accuracy": 0.7391304347826086, "_timestamp": 1699814163.7599475, "_runtime": 1.8311686515808105, "_step": 0, "_wandb": {"runtime": 0}}