{"accuracy": 53.84615384615385, "_timestamp": 1699704540.856477, "_runtime": 2.747483968734741, "_step": 0, "_wandb": {"runtime": 0}}