{"MSE": 6.3801128644976615, "RMSE": 2.5258885297054703, "R-squared": 0.923088397105831, "_timestamp": 1699769089.654716, "_runtime": 1.756937026977539, "_step": 0, "_wandb": {"runtime": 0}}