{"Accuracy": 0.782608695652174, "_timestamp": 1699815154.3180232, "_runtime": 1.7917311191558838, "_step": 0, "_wandb": {"runtime": 0}}