{"MSE": 6.732718256660415, "RMSE": 2.594748206793949, "R-squared": 0.918837775451272, "_timestamp": 1699769422.2615664, "_runtime": 1.785271406173706, "_step": 0, "_wandb": {"runtime": 0}}