{"Accuracy": 0.6869565217391305, "_timestamp": 1699815582.993258, "_runtime": 1.9181029796600342, "_step": 0, "_wandb": {"runtime": 0}}