{"Accuracy": 0.7304347826086957, "_timestamp": 1699814596.8150992, "_runtime": 2.186040163040161, "_step": 0, "_wandb": {"runtime": 0}}