{"Accuracy": 0.7565217391304347, "_timestamp": 1699815207.664576, "_runtime": 1.8726601600646973, "_step": 0, "_wandb": {"runtime": 0}}