{"MSE": 8.589067782380742, "RMSE": 2.9307111393620393, "R-squared": 0.8964596732785886, "_timestamp": 1699768425.619925, "_runtime": 2.2998859882354736, "_step": 0, "_wandb": {"runtime": 0}}