{"MSE": 7.3506969052895625, "RMSE": 2.7112168679929614, "R-squared": 0.9113881065457388, "_timestamp": 1699769379.4291458, "_runtime": 1.7652637958526611, "_step": 0, "_wandb": {"runtime": 0}}