{"accuracy": 0.3435448577680525, "loss": 5.373182357320225, "_timestamp": 1698070486.0004008, "_runtime": 10.740384817123413, "_step": 499, "_wandb": {"runtime": 8}}