{"MSE": 10.547151545286649, "RMSE": 3.2476378408447344, "R-squared": 0.8728551753638016, "_timestamp": 1699768746.207262, "_runtime": 1.7500519752502441, "_step": 0, "_wandb": {"runtime": 0}}