{"Accuracy": 0.8173913043478261, "_timestamp": 1699815536.2402291, "_runtime": 1.8227720260620117, "_step": 0, "_wandb": {"runtime": 0}}