{"accuracy": 57.34265734265735, "_timestamp": 1699705558.1125443, "_runtime": 2.527578353881836, "_step": 0, "_wandb": {"runtime": 0}}