{"acc": 0.509, "loss": 0.166, "_timestamp": 1698067651.5916572, "_runtime": 6.928990125656128, "_step": 99, "_wandb": {"runtime": 4}}