{"MSE": 8.929454999793576, "RMSE": 2.9882193694227963, "R-squared": 0.8923563404611418, "_timestamp": 1699767359.696072, "_runtime": 1.783541202545166, "_step": 0, "_wandb": {"runtime": 0}}