{"MSE": 12.066274509803923, "RMSE": 3.4736543451823074, "R-squared": 0.854542304623769, "_timestamp": 1699821000.3736963, "_runtime": 1.8956294059753418, "_step": 0, "_wandb": {"runtime": 0}}