{"MSE": 7.084580891613308, "RMSE": 2.6616876021827407, "R-squared": 0.9145961076583115, "_timestamp": 1699768886.5587065, "_runtime": 1.8150146007537842, "_step": 0, "_wandb": {"runtime": 0}}