{"accuracy": 0.5820568927789934, "loss": 1.3844246038696308, "_timestamp": 1698069583.33247, "_runtime": 12.89197587966919, "_step": 699, "_wandb": {"runtime": 11}}