{"Accuracy": 0.6260869565217392, "_timestamp": 1699757097.477698, "_runtime": 4.875827074050903, "_step": 0}