{"MSE": 11.509903961584632, "RMSE": 3.3926249367686716, "R-squared": 0.8612492942296688, "_timestamp": 1699822180.1982665, "_runtime": 1.8352365493774414, "_step": 0, "_wandb": {"runtime": 0}}