{"Accuracy": 0.7043478260869566, "_timestamp": 1699815160.6671507, "_runtime": 2.0918986797332764, "_step": 0, "_wandb": {"runtime": 0}}