{"MSE": 19.299152582011846, "RMSE": 4.393080079171315, "R-squared": 0.7673507050570741, "_timestamp": 1699768077.115115, "_runtime": 1.7078819274902344, "_step": 0, "_wandb": {"runtime": 0}}