{"MSE": 12.431207843137258, "RMSE": 3.525791803714062, "R-squared": 0.8501430709092117, "_timestamp": 1699821233.063836, "_runtime": 2.0492119789123535, "_step": 0, "_wandb": {"runtime": 0}}