{"accuracy": 52.7972027972028, "_timestamp": 1699705384.6072104, "_runtime": 2.069612503051758, "_step": 0, "_wandb": {"runtime": 0}}