{"MSE": 16.889897973947424, "RMSE": 4.1097321048880335, "R-squared": 0.7963940210017658, "_timestamp": 1699820594.62268, "_runtime": 35.624013900756836, "_step": 0, "_wandb": {"runtime": 33}}