{"MSE": 50.386640626210614, "RMSE": 7.098354783061397, "R-squared": 0.3925942413058804, "_timestamp": 1699768175.4909837, "_runtime": 1.7349498271942139, "_step": 0, "_wandb": {"runtime": 0}}