{"Accuracy": 0.7304347826086957, "_timestamp": 1699814841.3763466, "_runtime": 2.017117500305176, "_step": 0, "_wandb": {"runtime": 0}}