{"MSE": 21.521691364245005, "RMSE": 4.6391476980416355, "R-squared": 0.7405582291453701, "_timestamp": 1699768608.0552812, "_runtime": 1.7722182273864746, "_step": 0, "_wandb": {"runtime": 0}}